source_id,ra,dec,parallax,parallax_over_error,pmra,pmdec,phot_g_mean_flux_over_error,phot_g_mean_mag,bp_rp
249164148203137920,52.28461122135525,48.180671260869076,5.790172500124089,139.50977,23.65395502713511,-26.851990138228306,3789.1204,9.912576,0.6932297
249161227624791168,52.54644579373153,48.136809345058225,5.887684713949996,82.22129,22.908505505636214,-27.69359423094973,797.3305,15.328842999999999,2.8662539000000002
249161571222190720,52.496921140001405,48.130921930292885,5.577887755174175,22.303667,23.288395403392066,-30.438455171674843,452.72794000000005,18.63306,2.491459
249172562040165248,52.529736367320076,48.323747386166275,5.515198037718315,20.869942,21.781251204140002,-25.647292340067164,425.8569,18.664875,3.1146182999999996
249167000060800384,52.63239868776454,48.16335190532074,5.603473861177911,23.137705,22.65582085358123,-26.152867368526593,529.27496,18.24466,2.911522
249168580608693632,52.652240751818994,48.257989559527815,5.757198152661703,81.034706,22.57314367775298,-26.564410288271898,1774.4192,15.936677,2.8622026000000003
249164423080454912,52.35948624297015,48.20313610525347,5.8472073016569475,137.78049,22.83500256226811,-25.971857362754346,2423.9229,9.842731,0.80470467
249220601252500864,52.49132145888814,48.437157008622144,5.906155709156975,54.28674,22.87112001455521,-26.91801998630732,691.8099,17.125095,3.1666203
249188367519516800,52.12487609221247,48.151660932391536,5.849663498297686,34.962821999999996,23.37313181988653,-26.256355988938303,489.1301,17.86596,3.4484120000000003
249203180864918656,51.90677210591094,48.2728421973646,5.775277044965159,118.51506,22.55892953332409,-25.930544278592,2995.4336,7.930745599999999,0.15797567
249216168846376448,52.20326359521373,48.34011589948121,5.717598213163518,75.33908000000001,23.41161836571009,-25.86569376544424,907.30884,15.670504000000001,2.6493025
249191361115395584,52.064644204484274,48.19493895855784,5.6049287246451795,51.10199,22.54687451317641,-25.23574267950353,1133.4497,16.883875,3.0103245
249187409745500800,52.20888109426821,48.126939280811385,5.520487136674037,57.93603,22.71163202955553,-25.60521429229877,1048.3585,16.6207,2.9808512
249298460420296448,53.85306437537253,49.05984064344925,5.5504729435784315,196.91631999999998,21.25219342505445,-25.235250588245396,867.3366,14.235966000000001,1.9457254000000002
249198645379514880,51.552850959592035,48.15234643569852,5.5493324407010425,156.18081999999998,22.981559768365212,-24.95718321389725,1641.9832,12.569267,1.274044
249236647249997696,52.07799816050952,48.66327520982392,5.739072320659509,163.01234,23.566427058901386,-25.927163296396714,1012.32935,12.558571,1.2584906
249266677662158592,53.076258506474616,48.546654268231535,5.517999799996296,50.920033000000004,22.171422727965044,-26.03349489666705,757.81757,16.987572,3.0218409999999998
249218191771215104,52.34930193361418,48.417718659691104,5.858228828494906,28.905489000000003,23.176048475581727,-25.21063414712405,668.0649400000001,18.248442,3.42021
249199882330077312,51.54436949046063,48.221636993464486,5.739700627448438,130.94885,23.56776067557877,-25.75750914552668,3521.2178,8.47145,0.2650547
249277810217226752,53.07323277489626,48.74858572922182,5.625569862439556,98.76826,22.55615672612989,-26.23709101706645,1050.9231,15.321727,2.5381289000000002
249197408428902144,51.77168553713114,48.20539949321511,5.7345433796148075,97.296074,23.56473179410777,-25.191375195881392,2991.1655,6.814467999999999,0.016352653999999998
249208987660681216,51.84731698793676,48.37339111999034,5.567988251549134,149.33717,23.340857146529984,-22.957044048488584,231.8972,12.804164,1.3662691
249241663772002048,52.43759668597534,48.815603834388504,5.522497832266666,28.688864000000002,23.12657625663757,-24.33685823402124,488.4392,18.268263,3.5035629999999998
249212801592026240,52.28199938235962,48.3027901656396,5.678597331676484,105.82918500000001,22.96080979719913,-25.56819984637401,3291.7375,7.349289999999999,0.028480052999999998
249205036290763136,52.05386825790166,48.332458503973825,5.950261580460318,81.402626,22.743666179946622,-26.311939970673393,914.03296,15.849431,2.7724132999999997
249209331258050816,51.91102725399306,48.41632095079074,5.7498004929734865,95.46141999999999,22.515271698606032,-26.501038585482217,1544.4216,14.547262,2.5095243
249222387958844288,52.58069880087528,48.49920382131908,5.765798607565876,123.86291999999999,27.348278857679578,-30.674036448638926,3558.0088,8.760247999999999,0.3641672
249189226510517120,51.90901116787778,48.090262812792794,5.788420661101163,24.849125,23.14074014713552,-25.353184851231862,518.66095,18.40401,3.5130692000000003
249267124338789248,52.97604246928119,48.527226125234186,5.850260841428497,146.73301999999998,22.85123498669961,-26.267093238277866,1260.657,10.325752,0.7790766
249202012633822464,51.66725770270778,48.31931579159779,5.8289538788051,55.57198,22.590475476428583,-25.621049165950247,950.2101,16.642208,3.3183556000000003
249186099774312320,51.95804096366784,48.079103858596795,5.675780178903103,57.46835,23.328290822293987,-26.28836245313698,945.0811,16.899403,3.1054401
249211633360951296,52.34274449337384,48.23723751959346,5.807893802718112,52.207367,23.024928867522373,-26.03105420115166,549.24023,16.827303,3.0590724999999996
249299143316055680,53.33643132865665,48.76345239311286,5.88805466761076,17.094107,22.176847900208834,-26.999558128200405,343.49377000000004,19.08969,3.5185565999999997
249376663184042880,53.09054339181543,49.406077711257154,5.464591340924711,47.985603000000005,21.968988926239614,-26.60424550564222,712.5956,17.397245,3.1245365
249377350378812672,53.02887277304307,49.422797630740995,5.648415023696759,32.965385,22.635139520134874,-25.400059541923085,433.67084000000006,18.16287,3.453701
249344399390028544,52.763215761412965,49.048716220440085,5.869681194458377,24.532299,23.029574553821856,-26.067726515216012,473.22668,18.372204,3.4229068999999996
249323435649810944,52.73013033112737,48.79442550812754,5.924484010590758,40.94638,24.524853949026266,-26.892397307496985,614.3195,17.623962,3.1300774
249300899961238144,53.34367808122251,48.88826053813329,5.73049175770429,52.541737,23.048203107149977,-26.77180427533916,597.613,16.751806,3.188243
249369271541666304,53.04274538767915,49.141213398135754,5.5307658598256575,138.55882,21.60531111138346,-25.44973029434932,686.8734,11.871729,1.0654945
249331789366065408,52.870949169581095,48.99109362511875,5.956824744995821,71.41055,22.486317707496706,-27.04034149151504,948.57886,9.966885000000001,0.86890984
249322306078571264,52.53827856702161,48.7227396755969,5.6188839212599735,39.616837,22.29322598343639,-24.803189413501233,773.6686,17.906738,3.3186455
249307187793232768,53.397422862943785,49.03694409201561,5.646604831616818,89.4887,22.15502983300653,-25.461193493039023,863.32324,15.986304,2.719407
249320480712293760,52.88480338572605,48.780942859160426,5.844742265371077,39.874590000000005,23.102159415397054,-27.18088205948184,622.2543,17.675138,3.1741886000000004
249347319967809024,52.67467727780283,49.05049379932064,5.677333638987499,150.65546,22.031739606094266,-25.28587514161766,976.3032,11.629309,1.0301399
249364465476847744,53.62242834605994,49.361975800008395,5.684853293455263,265.25957999999997,22.231601462271136,-25.807347530046894,703.1772,13.051345,1.4123602
249358104626695424,53.128036831091286,49.17615988226837,5.738611599253956,112.91273000000001,22.79959360115181,-26.370270368244945,603.499,11.672611999999999,1.071024
249331239610297472,52.81299743911036,48.95154634029744,5.605112174760864,38.13929,21.693954269346687,-24.427259277312093,624.0083,17.648544,3.186079
249318148550233472,52.73045652552663,48.65622391037401,5.745288480607685,100.34921,22.76168849204795,-25.79432371561602,1141.9827,15.461758999999999,2.5300683999999998
249341513172058752,52.62382413731662,49.024657103593434,5.951200942112532,52.162234999999995,21.86223997721931,-25.835571485600887,1229.2191,16.10799,3.0333405
249689332505535872,53.94749512048057,49.29518721438176,5.639774609322681,13.339016,23.192383926648397,-27.31527557483401,291.3914,19.334398,3.7814883999999997
249746855004747392,53.6652023933485,49.625501590514354,5.957466998096835,46.460064,22.426795152002835,-28.15205058280619,949.1519999999999,17.28442,3.2125654
249761870210427776,53.37780884657089,49.69448330283284,5.772817827100919,54.808212,23.04639363091198,-26.348941619609054,1007.53735,16.89839,2.9618282000000002
249753550854973184,53.88242255230502,49.72598871247722,5.8446527722052775,38.598293,21.854338302518908,-25.15113457346257,843.34015,17.785829999999997,3.4365292000000003
249764790788074624,53.5472623425411,49.84055522547565,5.433189890032367,134.65756000000002,21.105814196266238,-25.719129217267014,589.88745,14.306582,2.0041456
249765203104946944,53.78663909184603,49.74422823689531,5.791310502010968,139.26448,22.611234067168102,-26.34124752442423,590.4809,10.985395,0.96095467
249757850121060480,53.45859816512096,49.63319624097875,5.835228668813897,166.95198,23.134090414766664,-26.886889541806212,1205.7192,14.371906,2.0900517
442507736028401792,50.164342656151476,50.26364500022602,5.7265100698780085,123.125786,23.94793889021777,-25.418340907580024,582.98425,13.612769,2.1028042
442499902004554368,49.84189312243541,50.089900396967295,5.930346457955174,8.868481,20.595986588479434,-27.302021529025346,170.96509,19.913557,2.739027
442511790477510912,50.09625952181387,50.32131306128249,5.821182267388836,53.977309999999996,23.07563301789461,-25.00179659326019,718.3379,17.206106,3.0621548
442501619995081088,49.78198309042689,50.094864133326084,5.839913091112125,32.592909999999996,23.579759960009063,-23.322361480889434,411.71484,4.995555,-0.07252836
442480690613749888,49.990492367321366,49.868456295660856,5.727535523786504,162.24034,23.38853988563456,-24.6688956649972,810.68286,11.974664,1.1318035
442507869167562624,50.21208372402871,50.25427396379044,5.681973713987957,39.147057000000004,23.104501226771614,-25.39457011743789,757.07056,17.129116,3.1610812999999998
442484921162268032,49.93289990240431,49.93684999334837,5.618698898185325,195.2197,20.516484600608603,-21.34615906601573,3456.237,14.148520999999999,1.8146706000000001
442500859780507136,49.73587548113859,50.04943438507214,6.002728874683435,71.28881,23.79976515639845,-24.945288991455346,664.30865,16.159133999999998,2.7306986
442497153229117312,49.83620572503338,50.00034949964185,5.912877405696789,52.8489,23.550799642056745,-24.716176595666283,755.1565,17.067642000000003,3.0898447
442520174253644032,50.36061207463433,50.31673762042872,5.7786278639441475,53.019203000000005,24.03277424897099,-25.64836426145571,831.22504,16.641489,2.9838037
442549586189395968,49.68386797064435,50.153785407702074,5.978584286911058,73.52729000000001,23.82676938885945,-25.62402979490613,1281.0669,16.767970000000002,2.8763676
442524121324228608,50.639143824843046,50.40238593246298,5.623659072136586,19.577779999999997,23.110414539492307,-25.560387640251413,396.75097999999997,18.743351,3.4719315
442555358625377024,49.51876543137117,50.33003203634406,5.652607162578068,61.435425,22.549393631890243,-25.406620367434677,782.2634,15.935210000000001,2.796877
442556561216146048,49.68221768500565,50.38615273264495,5.70300846980517,131.90033,24.478716603939446,-24.907374302536844,2163.3625,10.151019,0.8347950000000001
442550823139950080,49.65741185721652,50.22207106317948,5.5845740847922585,34.571564,23.573584397275415,-24.40671250728916,620.3435,5.099960299999999,-0.07707548
442550685701011072,49.627307141482994,50.20105228197829,5.786569057691202,87.52916,24.23600919172195,-25.088238042426124,955.2871,15.878815,2.7131232999999995
442576799101946240,49.59978837881605,50.5555920182476,5.921535212412093,128.8221,24.72385985406169,-25.568334140731768,3225.4885,8.000034,0.28005075
442558932038098688,49.81115489747592,50.34457491692587,5.664142474655497,55.24941999999999,23.520640768342137,-24.567176190619698,928.4071,16.812876,2.9541178
442524915893466752,50.81321872995834,50.417222138090175,5.5030379017863735,22.291538,23.745030783555606,-26.15790188364057,389.74026000000003,18.658371,3.406557
442570923586691200,49.58846454192436,50.550213705136926,5.571206148109282,54.228527,24.00932423631576,-26.00964471776918,825.68915,16.811537,3.0845337
436477460205283584,49.686698491446045,49.76984827748131,5.530577093418344,105.25142,23.568331801161637,-24.638910360122853,2480.7705,7.9242729999999995,0.1654644
436473616215710592,49.88006852835943,49.68798803643381,5.639839213760195,64.67558000000001,23.8849198539305,-24.907310923427307,965.0559699999999,16.69578,3.052164
436493854100780032,49.52210157917067,49.90595389208495,5.8867700788449495,153.35135,25.0328863334452,-24.7905905826404,3902.6582,9.803326,0.68527603
436477017829810944,49.70978870410014,49.73104842543775,5.545981686641783,159.67593,23.24851596112434,-24.422098872951967,1772.3088,10.988854,0.9031353000000001
436438672361949312,49.535814922326466,49.315190350443785,5.5632719869700535,160.76497,22.49019926353852,-23.91905872993681,778.4392,14.411135,2.0725908
436471245393822464,49.7602232563482,49.56029262210125,5.585935348674319,143.66378999999998,23.76468359453675,-24.279169187784504,671.43787,14.685978,2.2482834
436482068710785152,49.507423792275546,49.644015407381794,5.599569609855161,158.8708,22.41285781240612,-24.220546643409296,3306.03,9.601711,0.60818386
436463961129338240,49.59641927004306,49.46728467376337,5.759813758507506,112.60635,23.60079528624931,-25.22367116103036,558.61383,15.267311999999999,2.4729509999999997
436545153189970560,49.52961368431176,50.09866130118586,5.820664047039694,48.85032,22.999275612567512,-24.782598974026946,946.27435,16.775938,3.3011837
435334625247485696,50.66959625245529,48.00923378077453,5.969225939185373,35.273193,23.40247706812152,-25.389231817526447,690.5422,17.992620000000002,3.4477406000000004
441414958910333824,52.003492647016856,49.00014375229642,5.841336117418432,169.55386000000001,24.045199789377666,-26.50412966111834,568.1362,12.65767,1.276434
441422170156320640,51.962824668898676,49.2026831494542,5.526845130147238,136.64355,23.66530798716339,-24.394390391190232,524.66943,12.236933,1.2594252000000001
441370600488018048,51.29150969532518,48.39412113053505,5.587570402839721,64.45258000000001,22.99400533105725,-26.652917459016344,419.06186,16.14401,2.9079847
441429733597631232,51.1089266816459,48.735208138973924,5.718058137847361,116.898094,23.509260675880746,-24.954077696299485,1455.7831,14.980034,2.3974943
441409530071698944,51.89432075900864,48.9618144828715,5.9516058604251025,74.31609,23.381360274561573,-25.714162774897108,1154.0934,15.516874,2.9435272
441409701870651904,51.854065536148795,48.96983052545275,5.777265465324184,64.30998000000001,23.49453840872243,-26.64031614558823,757.5292,16.700605,3.0974302000000002
441377193256855424,51.320563616289746,48.60242558945622,5.595833165026723,47.72575,23.464372996951408,-24.641253701957165,707.1396,17.328585,3.2543926
441405784860290176,51.76370039360744,48.78693332172979,5.7482539013988205,135.2019,23.033979720363412,-24.947701704295092,4628.483,9.848345,0.7044563
441400145562971904,52.207250090726966,48.91135491103131,5.460331836276766,20.003033,21.02508645784108,-24.719001267156333,429.7843,19.136627,3.2912464
441355825800832512,51.605684618387535,48.33512474220239,5.426747480834018,144.20343,22.533708579716894,-25.517777632937698,1044.6735,11.809672,1.0831566000000001
441390700935150336,52.07202743357546,48.68258982480274,5.849793870569066,167.61333,23.40324105984491,-26.081228775001485,644.2246,12.705036,1.3193665
441418665463067520,52.095769113315065,49.189889225104466,5.893599043178795,20.590553,22.036398732730174,-26.044882638292734,400.11593999999997,18.691645,3.3412457000000004
441416161501150848,52.01294433989123,49.062757775249864,5.633437004455957,24.515772,21.783941793479432,-26.035668603514672,465.21927,4.924574400000001,-0.11403989999999999
441405922299247616,51.70895105679934,48.792111542768566,5.584059849704802,138.28486999999998,22.11259841271969,-26.549434762860518,1438.1348,10.198616000000001,0.77801514
441405922299247488,51.70795935082984,48.79319135794486,5.79592718565272,59.647369999999995,22.28031061746379,-26.35529746158996,349.13953,16.3147,2.0926056
441360498725246080,51.431760070951796,48.407109367525,5.760103176177451,59.651233999999995,22.81673442748231,-25.306248959312672,908.90656,16.819775,3.0242033
441405784860291328,51.76114306118883,48.783878924799204,5.81943654942021,81.55143000000001,22.898888921110487,-25.638565501689435,768.4192,15.550589000000002,2.593112
441356925312452736,51.545377987789706,48.38393177791225,5.788031012256429,104.36455500000001,23.406395867058052,-25.74506838623084,3649.333,7.4892520000000005,0.056839943
441429321280764288,51.041241153481906,48.76542692401015,5.64504616550991,58.64516999999999,22.319188421051198,-24.534159022096915,509.32025,16.25439,2.9069452
441404612329337856,52.157232459613546,49.01625502822807,5.6687048741252655,32.21752,22.590331889396435,-24.712069403422323,672.3568,18.006746,3.2495727999999997
441371528196382464,51.196355011786736,48.4115509186751,5.7098124293608565,135.36708000000002,21.990168138011047,-26.13096702084714,4498.662,9.772757,0.6697788
441386783924501760,51.56850985671985,48.84111233529214,5.776920147495451,154.56775,24.678420868196373,-24.035935408560352,531.7532,12.579609,1.3005686
441396920047753984,52.16659710284644,48.7714808083609,5.975603715922681,90.0208,22.310199734249696,-26.845183966859906,883.8023,16.01578,2.7648487
441428664145199744,50.969992152567215,48.705227991302,5.7026094152607225,36.839573,23.50670835481329,-25.82137972905281,789.96027,17.562424,3.1407107999999995
441406472055248000,51.760235560901116,48.83861328898132,5.904347459638489,12.481010000000001,23.033647564248234,-25.36087519448221,500.7574,16.564465,3.3244762000000003
441427053538012544,51.194227760098784,48.7539027010141,5.9877710331911524,40.21816,24.61984728672249,-26.74977087263526,754.9335,17.436054000000002,3.2641240000000002
441430111554726784,51.0831637432229,48.78873653694891,5.492453418999959,134.40593,22.71641287282969,-24.709034185633893,1351.4402,11.770886,1.0532255
441372971309927936,51.383127872159754,48.50295108267362,5.765533033285334,248.58368,23.525566901979424,-24.723546660930648,955.3055,13.239545000000001,1.5193024
441415508666161152,51.90767059452494,48.991221153546626,5.782850333943249,151.39711,23.550519934849216,-25.553572416362467,2782.723,10.424097,0.7860451
441358776436543488,51.317771868626316,48.373195013318494,5.787984591232853,148.24911,23.59319661643891,-26.670373676836114,1158.2412,12.002464999999999,1.1115903999999999
441401730411085312,52.120469104567825,48.90405161645641,5.791648190857438,46.724358,23.55109169230807,-26.618443887499836,748.9817,17.57241,3.198122
441402795562969728,52.055877463124546,48.93750326705801,5.877506997571082,74.60435,23.187726878300662,-26.52773172421433,915.77844,16.476175,3.0631132
441363140123581184,51.608610764258,48.45922486607142,5.473452450290009,49.967075,22.188169651781827,-24.633899185545225,817.7909,17.162657,3.1243286
441389494043297920,51.88061283264886,48.65634265754385,5.532481568444948,11.188516,23.74132892537297,-26.24679322641648,257.9851,19.245295000000002,3.522543
441382557676778624,51.55929226439227,48.71050886292535,5.593430145528218,101.054214,23.59373728640397,-25.259809674313864,1606.7499,15.188054999999999,2.4307861
441401936569499136,52.131428494626704,48.9408056952454,5.7151775396811715,154.70821999999998,23.38162875770428,-25.64885370086897,5508.844,9.647072999999999,0.6266136
441398565014885120,52.182293034971416,48.87788313632737,5.7539774203987575,19.351833,22.39509685863798,-26.06498929637249,379.33914,19.166948,2.9423084
441361529517032832,51.474949820311096,48.51904393824614,5.619562882680309,148.55013,23.433300927618152,-25.624268340042786,451.62737999999996,12.770141,1.351924
441383176152457984,51.66998395358795,48.776781649922114,5.690098369109707,150.14713,23.530258072144665,-24.951252613293143,4392.081,9.629821000000002,0.6577234000000001
441378159630386816,51.24692094373106,48.6194478183826,5.708879439274943,226.64787,23.8381325308984,-24.281013374479066,942.3479,14.066348000000001,1.9096898999999998
435394686069704320,49.90782360768937,48.14386949484682,5.6676322245303785,59.903652,23.449157149563565,-24.370584881453336,628.35596,16.638792000000002,3.1343307
435369843979002880,51.09416343781112,48.40713020978583,5.850553330005102,59.69534300000001,24.0461761773462,-24.856270860692142,793.0794,16.820999999999998,3.0017099999999997
435429011448232064,50.37613334504146,48.49374895857869,5.743241375117563,147.92983999999998,23.215886233453848,-25.175429406006664,5205.354,9.080627999999999,0.54698277
435405303228775680,50.27728767151024,48.436753190595205,5.699554401168928,165.49913,23.710319278159986,-25.5080296532059,484.16965,12.609169,1.312088
435357646272046848,50.884965383693455,48.18701057456211,5.679666814775082,61.796505,23.904414477434567,-26.439132034140172,939.8489400000001,16.820194,3.1217966
435355511671238784,50.82847392437421,48.073643836231106,5.68182823213838,28.544043,22.247143463915076,-25.837547651672324,510.6344,18.389473000000002,3.3080864
435439280711318784,50.63837204150239,48.78330606911784,5.7178648008868524,32.732796,23.56650632995481,-25.460755186016964,683.75146,18.288857,3.3428763999999997
435404306796373248,50.17462444037014,48.41032043341809,5.9112695063689875,187.5398,23.951098728258465,-24.96830988266744,823.62396,11.844377,1.1522006999999999
435436536231088256,50.77747372865628,48.73788715071785,5.461749473902089,71.122055,21.952235861514655,-24.55765914573689,906.9036,16.644835,2.92132
435422586177333120,50.94737615509396,48.604310020910184,5.656400173081267,84.17282,25.690862832337327,-24.47769762576129,3190.7993,6.960498299999999,0.042178154
435401210122770304,50.296033619986964,48.330217719806384,5.777422302548377,49.41319,22.643476966663922,-25.439574306165515,850.5925,17.20939,3.2229843
435410388470374784,50.689638732445424,48.35911596775907,5.636556476918213,43.009712,22.295374430173425,-22.951852422725107,701.09357,17.60515,3.263052
435424750841023488,50.50052514492239,48.39687472819094,5.8510161745244895,222.91692,23.545852779152714,-25.57113350060482,1318.9484,13.802591,1.8248167000000002
435422891115958784,50.90487131081618,48.620850119962185,5.6678329822006965,24.26453,23.946199130897806,-25.16904013217417,475.28885,18.442587,3.261488
435362937671731584,51.0237734285482,48.18621283817421,5.581367466095045,97.65893,23.23107600025281,-24.86546714915072,1144.6749,15.574163,2.7013311
435418256850317696,51.025119834432346,48.52427616322453,5.85498955871337,78.12352,23.837050010485193,-25.670229319143747,644.5059,16.158825,2.8771486
435361941239324416,50.79092987231206,48.245059697244436,5.685721174180977,84.92591999999999,23.789360410064386,-24.995188941756762,892.3127,15.904507,2.7708150000000002
435441037356620032,50.617117773399094,48.82747838038822,5.492072609524988,127.27531,22.58791772640469,-24.403750035856138,1302.5077,14.852335,2.2831297000000004
435356989137279488,50.984979877982944,48.155707819949924,5.568677927843686,45.66265,22.752926336828555,-24.346026647934607,1002.68787,17.051067,2.9560146
435439078851537664,50.61929960566414,48.74663097677388,5.8269476040819805,64.417305,22.959509416482838,-25.029004707928923,1015.5369,16.937004,3.048891
435397224393053184,49.97821139549011,48.275177626902504,6.005529706881374,43.4088,23.50060130407225,-24.476735539343828,612.53894,17.741943,3.4132059999999997
435427946296584960,50.54083847162557,48.56724008484136,5.670682717989596,107.06783999999999,22.3006433795835,-25.331254099984456,793.9289,14.83845,2.5757208
441510822581504512,52.638746181817815,49.45579640747553,5.735633045772668,148.53928,22.878081492783352,-26.108560356310104,816.1789,12.522079,1.2675648000000002
441447669380929792,50.902760858768985,48.98137255035332,5.786390106457021,153.51568999999998,23.54745466862511,-25.11794625296482,806.8351,12.580712,1.2744837
441459278671283968,51.6153777281404,49.03665090185237,5.578589444757039,169.32513,22.034933867343312,-27.99175365414267,577.5095,12.568406,1.3184633
441454919285570816,51.12530851602583,49.13979696683056,5.686953048932129,119.847755,23.682487335376578,-25.003386256844774,3977.0017,7.8583527,0.10797167
441519137638296576,52.15018015600678,49.419250370665175,5.585306528616087,70.15160999999999,22.179888220095872,-25.389452106094538,324.99088,16.09692,2.7913923
441494192468393728,52.44541185388242,49.009393216630755,5.955225718492818,157.36536999999998,23.854418101414925,-26.04486827723104,4799.657999999999,9.085546,0.71718407
441495223260539904,52.378898386790276,49.05006282565721,5.754321142043318,49.531532,22.910017320351663,-26.952686505898022,373.70807,17.231108,3.1945782000000005
441532503576745856,52.93716100621589,49.55090121918288,5.6788322782763485,153.5697,22.810795693949586,-25.88592134936729,734.10876,12.578161,1.2691888999999998
441482407076055296,51.32024640469773,49.37925409367254,5.9285439980533985,54.58404,23.99588532756434,-25.81129616430077,958.53705,17.070192000000002,3.0829153
441522298734128512,52.5662899864909,49.46006986405072,5.476529692211356,14.062510000000001,22.536083531535922,-28.390581186233067,325.90878,19.174260999999998,3.7387276
441430214633926272,51.104783896361724,48.80576083061482,5.588541787714453,200.8108,22.889437543286448,-24.59979162528512,752.6421,13.659239999999999,1.6961536
441446221972100352,50.76419573017608,48.884837383171956,5.402340095451131,17.489883,22.00967791635441,-25.240591090978047,373.27875,18.843246,3.7110996
441469002479992832,51.835068723174494,49.279157280439186,5.828111356697222,38.777120000000004,23.64824087391365,-26.80622643990913,724.7863,17.836315,3.2538337999999998
441534908758012288,52.81890956790043,49.5508399632111,5.773418061191857,116.88448999999999,22.315130066695648,-26.034050452153746,1273.2731,15.390548,2.5698404
441435643472434944,51.40066972869021,48.93249415626526,5.974722348080267,62.805126,23.13917406502941,-25.695957959069858,902.0463,16.659952,3.0308647
441452239225969152,51.263765500689274,49.111659481176936,5.572722105826213,87.44534,23.65672693928532,-25.91844363807835,823.65704,15.901677,2.7964125
441514808311297920,52.276564328652846,49.320129788270606,5.8141115021519925,75.01436600000001,22.488679282641677,-25.75354333026193,1242.2511,16.08623,2.8744373
441433337069997696,51.266027949306185,48.83280713912343,5.4270633646731525,11.521488,23.729990556577548,-26.316671543486944,249.6522,19.650658,3.2924652
441507008650680064,52.52015051857234,49.25971628353882,5.836050686379568,84.397644,23.32699593109644,-27.167152179545496,466.10947000000004,15.681227999999999,2.6121807
441451723829949056,51.25581287420497,49.03479490052303,5.612762300513202,121.90536999999999,23.539674147885545,-25.497384304662678,993.5503,14.634863000000001,2.3060389
441515083189174784,52.361398100404635,49.34305093899422,5.637829370191111,146.57043000000002,22.813232478528285,-24.99419799592043,760.1889,12.834957000000001,1.3244934
441440999291449344,50.88853370543089,48.762082251910904,5.875541833145347,39.857490000000006,22.748040669519614,-25.826000630956173,830.53986,17.481867,3.0459517999999997
441458252180075008,51.185835035454105,49.28616942887641,5.437570407495083,90.85979,21.656158319006465,-23.981062730734177,1036.0477,15.690253,2.6130056
441528822781879552,52.8778307304319,49.3423375693845,5.657493427713952,72.33452,22.208097006878887,-25.53566879831159,872.2976699999999,16.097818,2.9372863999999996
441493058594758400,51.65294029802683,49.63681401823239,5.778637010972045,63.383965,23.85271606836547,-25.55026305964861,490.08615,16.333239000000003,2.9738417
441480414211324032,51.29193228511117,49.25143016308178,5.6339957241969225,114.14582,23.681502944732102,-25.043677421360478,2728.8608,8.1357765,0.16098022
441513124684160000,52.19781986921751,49.27433262852081,5.805397450130447,229.64503,19.143875032564054,-21.27685489990761,713.1738,13.292891500000001,1.7346926
441493745791802496,52.391695533606494,48.98176036310166,5.612032790403544,51.833744,22.328278897510888,-25.692858649704217,996.31335,17.274925,3.070795
441498345693860096,52.30945497156546,49.100569167690544,5.67076319327062,17.851494,21.94320536880331,-26.919095428947834,407.71268,18.894339000000002,3.4547634
441451723829955072,51.24834158898741,49.02905745128525,5.6763310189080025,65.66555,23.68871271808237,-25.30913864395549,1117.4423,16.353613,2.8176517000000003
441451895628606848,51.296024228603684,49.07113432468441,5.9078228756112985,94.05379,23.919728121122347,-26.448992173283912,650.23315,15.661275,2.6790217999999997
441540921712611072,53.202254923003245,49.68594255158942,5.6021314220344784,64.69975,21.756643665750573,-24.919035982772822,960.5135,16.730179,2.9165382
441465978822973952,51.64802843389523,49.262074771922656,5.766597775155054,19.686516,23.976853246284136,-25.674377819598373,352.67932,18.70264,3.4467468
441514086757051392,52.40917854673586,49.33351088253676,5.715988776176935,59.10011,22.163867063040513,-25.433069036917747,1077.454,16.432413,3.1214285
441466189279599104,51.580825331845425,49.22558670962842,5.695320706576887,153.11831999999998,23.248625745809523,-24.67243213301152,627.42334,11.400253999999999,0.98299026
441493780146708224,52.354150201920824,48.962413200595606,5.5342732216068145,120.50164,21.98369430383465,-25.804294397721637,2121.9329,10.145709,0.7401047
441436605545191552,51.207301971479424,48.871639533681545,5.811055811432215,154.38918999999999,23.198176946740478,-25.24266820339448,414.72283999999996,11.425021000000001,1.0373964
441518347364301696,52.3002946090028,49.397139949287144,5.516016157238686,37.959488,22.665592287352148,-25.58095195471517,684.94934,17.405117,3.1127777
441444057308633472,50.99987791962007,48.90290381373374,5.576060681510032,19.507206,23.448803749675154,-25.069348961430308,426.62847999999997,18.941264999999998,3.6318855
441453063859678592,51.252909905093574,49.131299867532654,5.851697808306812,49.41498,23.0391110528574,-25.231712297041263,728.0669,17.32403,3.037737
441511612855708032,52.20219055033522,49.198287296211156,5.6499804862487375,140.72801,22.47460308538416,-24.42492801365732,371.5122,12.671756,1.2869701
441530613790776704,52.84284980737543,49.44101335765478,5.948955119315722,44.410362,22.6513961843296,-25.992571020473605,578.40576,17.904958999999998,3.1540183999999996
441459759710903168,51.4735607719554,49.016059542888115,5.959426401324269,37.390503,23.003382038996445,-25.66032378452665,624.8186599999999,18.009506,3.2081833
441477764213261184,51.40417737237847,49.26765465799878,5.442372486534394,29.516289,22.40384424615826,-25.46939237170425,485.5093,18.221085000000002,3.3522529999999997
441481170120133120,51.336494753965454,49.31606176086638,5.629112964176952,121.76762,22.89478646075083,-24.708765911077265,2040.6843,8.395041,0.25454807
441515559925069312,52.09407537494004,49.24138128363961,5.739635008758357,176.43081999999998,23.28117487477229,-25.31179383405876,821.8448,12.363932,1.1837806999999998
441486049208233984,51.592768345141685,49.42697616625226,5.6359947712878515,147.49031000000002,23.29897354397329,-25.026038106116804,311.73303,11.133807000000001,0.9680709999999999
441519068918837376,52.158419993777905,49.38752520049163,5.5051804860727955,110.004196,22.83889532565645,-24.806988861107396,3173.0974,8.399559,0.21137714
441484365581055616,51.43785773133561,49.46852203699501,5.664478630891361,54.92539,23.10799183036714,-25.042681048106513,845.1907,16.998655,3.1233816
441468796321473536,51.807246023357436,49.24333211879384,5.734360065814999,35.904552,22.39388798882614,-25.215334433976412,611.1363,17.998392000000003,3.2720547000000004
441640668027534720,50.63548755132158,49.187636915936224,5.995560127869876,44.536694,23.214496893978296,-26.065060882385513,643.6719400000001,17.689953,3.2566222999999996
441562942003238016,52.96120680386782,49.987290355080134,5.7848726121293845,53.05970799999999,22.84638286781435,-26.171988990453396,859.9827,16.718363,3.0972720000000002
441653243696011392,50.494396682533825,49.21475816190603,5.682004848563489,144.18365,22.84248574179007,-24.852368778500818,3955.6924,9.098938,0.47811985
441592667477558912,52.21818423899703,49.84827692182478,5.760173132991513,48.565174,24.992731514906264,-26.08953931984005,993.8113,5.531755400000001,-0.03718567
441597920217003904,52.19893880098708,50.03278072959336,5.655874324609907,30.654251000000002,21.46729329928661,-24.561486182084717,564.2334,18.26352,3.4402962
441650563636259968,51.02810637868721,49.41430859943293,5.433168251283988,122.98177,22.40790237141161,-24.28377894074106,636.09796,14.884278,2.2755593999999997
441640668031763584,50.63667529603658,49.187858622255824,5.653472242163661,80.71891,22.703655123725234,-26.030236155632764,445.36397999999997,16.351264999999998,2.8297033
441551607590775040,52.633384862837325,49.717622534290044,5.863740822184753,42.87291,22.540864246767594,-26.16672241690465,1077.0161,17.127678,3.5519114000000003
441654549366020352,50.663418657816976,49.29991250414432,5.938710400930298,22.824432,23.30522979808727,-26.88175705698137,415.84002999999996,18.725266,3.4905434
441650460557051904,51.021402802651956,49.40439122930235,5.823394716610148,38.798782,22.436083501895308,-24.613842216133428,704.0054299999999,17.95872,3.236084
441576243523280640,52.30914890649672,49.68791580814929,5.6412049335518315,163.12993,22.83001309171071,-24.711188830875532,2159.3499,11.947061999999999,1.2797851999999998
441615413624665088,52.851492616428956,50.20750092747033,5.705727080657151,210.63803,22.229636136577682,-25.971254702335873,1429.9084,13.837013,1.8091831000000003
441585726810505472,51.97939182444169,49.760216413387575,5.711567833607309,160.86438,22.698384013562585,-26.287563511346825,3500.8591,10.536014,0.8302641
441586379645621376,51.761582262724545,49.68622629588832,5.724426463769616,54.989830000000005,23.659685985412608,-25.48422080451893,1009.21075,16.660566,2.9875803
441603044118983040,52.67937225400868,49.93976795311126,5.695598346058416,38.960772999999996,23.36378839604248,-24.764661604280768,682.9519,17.43805,3.1315383999999997
441558445178565120,52.99482735159571,49.87005044659441,5.736184254087907,157.10625,21.353808993172894,-26.915227820361963,2591.6763,9.113572999999999,0.55907536
441560021425198336,52.89085840539137,49.86714247493536,5.7088762493550655,34.4051,22.77502521847691,-26.51402976461215,551.2453,17.909723,3.2023125
441560399381392768,52.875917265407715,49.901970701390646,5.648820185504197,133.02723999999998,22.345072210604524,-25.23391674997657,3043.6262,8.726149000000001,0.34854317
441652242962083456,50.5525996150517,49.17766795906878,5.861551073832822,18.168507,23.27996136965677,-26.865836925018506,307.89014,19.014001999999998,3.3130531000000003
441550130122002688,52.811314088612086,49.70613466022016,5.502105024076789,125.94896999999999,21.810374620081223,-24.74443680175155,2501.4092,8.570263,0.26545906
441545865212916224,53.1772638936009,49.835677500302324,5.946824494577415,20.514544,21.216900018563866,-27.091587691369032,484.81143,18.475395000000002,3.7152519999999996
441597958877235840,52.0775761411384,49.952762930606276,5.450060367613597,93.17738,21.834651543143444,-25.086786709852138,2153.1262,8.086542999999999,0.26225328
441584627298888960,52.03776318820567,49.720557438877364,5.7380403623903735,69.29907,22.022108867662023,-25.113208547499923,1134.5581,16.262655,2.8949442000000003
441640221355365760,50.59148254584007,49.14093104619064,5.566271328081631,154.06101999999998,22.76618489418129,-24.30287546126749,1014.5061599999999,11.475060000000001,1.0250864
441645237877148672,51.08008047170601,49.221152351582106,5.614910218937381,124.767296,22.982579999421567,-24.067411242697023,3685.0952,8.915356,0.46156980000000003
441648398972798080,50.9406370864539,49.33119124329868,5.416508731681498,76.014984,21.902516699257813,-24.484186341037155,1250.1008,15.769235,2.6797332999999997
441596172170885888,51.95881240925772,49.90517883665778,5.8528746578806565,103.2194,24.04507749266209,-26.236767320446482,892.7661,15.428956,2.6131048
441582119038093568,51.91251998611265,49.599808082332274,5.704435812750447,77.38717,21.581429177668557,-25.6807995399548,3151.1433,6.9125996,-0.0113043785
441652968818106880,50.5200336104636,49.198360501496346,5.540256581659764,64.144966,23.81265589328674,-25.858414323953085,940.158,16.75442,3.0357351
441609194512096768,52.736844251805245,50.01397334609558,5.53584713455142,103.77616,22.40362490503798,-25.53653065102904,1155.7458,14.923128,2.3682232000000005
441622869687432576,52.30417361494382,50.13466058790982,5.602992340167719,106.153824,21.923102889051453,-25.010420644013234,1058.1589999999999,15.377666,2.5420113
441633555565945216,52.567810385083405,50.39796563214093,5.414935375801113,74.12536,29.0681160027181,-31.946215702711967,1332.0376,16.534374,2.6207037
441573048067694592,52.23854437385799,49.56708200512468,5.754694420132779,121.49343,22.918745093912342,-25.09575981226379,779.63806,14.895076999999999,2.2415580000000004
435489793827423488,49.76164633030956,48.183102136006156,5.610224167713581,102.559326,23.877603803874823,-28.780281737020307,786.1669,11.472623,1.2207583999999998
441688840384671232,51.07126510939967,49.64996892475243,5.5403715088097565,150.13245,23.37715194724976,-25.909237484785763,560.5016,11.15982,0.9209776
441756971445920384,51.145525531534965,50.234610152602855,5.722855844453335,33.926044,22.58385928742341,-25.65827845944348,784.1477,17.92089,3.5421294999999997
441715915858562944,50.701758285754096,49.65633823893461,5.479209388593186,102.33979000000001,22.296418223218087,-23.81990992699123,752.1441,15.360987,2.56744
441691554804027264,50.95149838246635,49.63834140320316,5.7125483117880895,59.3978,22.621973700278808,-25.723551415591842,821.9614,16.589000000000002,2.8742876
441700728853991936,51.181362548726504,49.886823210266066,5.9347351569143845,146.02621000000002,21.24043339209299,-22.516701308184643,583.2477,12.335097,1.2287827
441671969753560832,51.28288670170412,49.46766439477319,5.704827957488337,56.490013,22.556765308215514,-24.20421480399219,968.2682,17.0768,2.9759846000000003
441691451724818944,50.9450011179236,49.62851320049388,5.5788945886297485,57.590317000000006,22.374623203982004,-24.449605928095274,912.4405,16.371006,2.7404632999999996
441729419235245696,50.25988665913723,49.78420162397643,5.402486909744517,66.10285999999999,22.84904320481168,-24.070869281518632,832.21326,15.633873999999999,2.90794
441662349026548224,50.7729342596085,49.43233143302268,5.66823567788071,168.36546,23.26672449026887,-25.66059587073839,645.7873,11.744453,1.0214128
441746496025526144,50.85739741623644,49.936873841408556,5.909346117080313,54.703754,22.147846229454842,-24.335336253014297,922.95636,16.963205,3.0209083999999997
441722474275649408,50.16332313004138,49.53493053844807,5.522386326135318,21.962320000000002,23.615408263510602,-25.709396215486787,405.41147,18.5535,3.1181793
441696330807527808,51.268328309055434,49.79529095551636,5.517621661673059,106.92156999999999,22.67522412034381,-25.83174669843121,4003.1392,8.972591,0.48121262
441737455113305088,50.342587599708345,49.950827693131714,5.665826340740737,250.00872999999999,23.41174255803246,-24.477403037093353,487.67965999999996,13.419326000000002,1.5847206
441665883780455424,50.73778924508761,49.505369730340185,5.791422335136214,41.485306,23.056307129868628,-24.696286244107853,807.1257,17.456426999999998,3.2388287
441705436138537344,50.40209223009633,49.388468031261425,5.9321735717083826,54.054435999999995,23.878578017344303,-26.387085406898255,549.9816,17.044798,3.1217995
441716774852013568,50.67060632339514,49.67803962409258,5.844723096282352,158.96156000000002,23.938580099339127,-25.727260023786176,805.7891,12.638809,1.2781973
441683961302193792,51.33536131230255,49.71745417846323,5.936623411692866,53.607574,23.591607265611998,-27.141245427242858,1147.5299,15.449295999999999,2.9827547
441658260217759744,50.44127860625871,49.37436902067184,5.643175369586617,46.0063,21.535483945867693,-23.581095157134808,1048.9325,17.042763,3.2251854
441663998293948544,50.84483251347373,49.49421421466006,5.778094913376659,70.30161,23.101461453482727,-25.429420345350042,664.91656,15.508425,2.640256
441714438389835264,50.649219581699626,49.634435452376366,5.926747474890371,119.15025,23.69604454539101,-27.81127336657543,1013.78754,14.522951,2.3707724
441732335512486400,50.40987414431507,49.815408409493315,5.784705244616562,95.60719,24.308138012413703,-25.68646820832735,1036.6456,15.788566000000001,2.7481717999999997
441757315043333760,51.11503715515079,50.269920036137,5.560670229504592,25.35173,23.557986457044073,-26.330336063987914,538.34546,18.369510000000002,3.5107155
441726842254931712,50.13240860594348,49.666477157970455,5.644477140817022,53.75049,22.69728485822462,-24.58659804139297,977.8681,16.963606,2.996255
441724913808888448,50.31180939932728,49.68162584497188,5.574129364630358,51.465847,22.79038245047413,-24.55988150435288,716.3245,17.02792,2.993226
441716774852012032,50.67118662361327,49.679254462653034,5.831240141328544,56.58416999999999,24.272488155821577,-25.729238402248612,1010.6139,16.517696,2.8113718
441690936328665728,51.13970435173089,49.72040270631727,5.765010826787617,162.3635,23.634980796832966,-26.60104130220721,1026.3954,11.7447605,1.0746183
441685301331964032,51.45003355424776,49.7762082220373,5.924150314787776,48.947136,23.406409286975727,-26.64271152848316,614.601,17.25894,3.0553675
441750928431655040,51.232911117525084,50.030877102132166,5.7593887191103885,155.53418,23.516529822206305,-26.166255471795235,855.19116,11.976686500000001,1.1405039
441766218515240960,50.90347562286309,50.105867303174804,5.772415689662889,44.937172,23.065305049676212,-25.587967205584285,821.26636,17.554813,3.181984
441733508044053248,50.53784392152029,49.847862549753195,5.616997300666525,73.52778,21.908939444029016,-23.704473765067693,761.788,16.292826,2.806326
441668843016998912,50.77704532905161,49.634690071907436,5.786979567005396,84.03931,23.751825803803385,-25.551909831973234,1191.3003,15.866674,2.6618795
435639327407559808,50.26333083894352,48.96972819777628,5.724185616949273,41.093845,22.652652665941986,-24.557821992158228,766.23065,17.489252,3.0559863999999997
435613759463437824,49.79565054983071,48.705006852275524,5.4102563820168115,28.290619,21.660209181996088,-24.955346411801486,580.7019,18.400055,3.499918
435667605471833216,49.555697513687534,48.94422693346987,5.65712005023301,62.578903000000004,24.224807238133653,-24.92278681684713,660.38904,16.782743,3.0390034
435667051418727808,49.65633660002916,48.93726781974655,5.901648635879576,41.265373,23.890144324143876,-25.46055355097853,794.0237400000001,17.438135,3.3801174
435645340361757440,50.30430089502076,48.999333152634705,5.679530357511068,118.28171499999999,22.78726460042543,-25.4490619143486,718.28674,14.841343,2.2625122
435609674953487104,49.947053649905605,48.6278122087757,5.46738837546977,110.85683999999999,22.802413399529616,-25.01035456062621,3642.0342,7.6279936,0.11862850000000001
435687946436705024,49.534978617844274,49.272492330554186,5.753193981525112,40.429764,24.021755354997328,-25.165080271519326,856.2739999999999,17.504625,3.4265766
435618363668173312,50.32684338026308,48.62363728396984,5.70772509301,33.17451,22.49764308931476,-25.617004749245968,553.6781,17.574876999999997,3.3227330000000004
435625068116180864,50.37538391130258,48.823006951209145,5.6035579480408835,40.508347,21.626006774562157,-24.047004753168963,818.20984,17.941585999999997,3.2472725
435627919974457472,50.444619759509955,48.82580230270706,5.629909129510032,51.455196,23.481673087612766,-24.59328503638966,1002.0881300000001,17.111744,3.1909389999999997
435617886930938112,50.317081754753104,48.58523819689112,5.629910116730042,150.67828,19.112389327374753,-24.43973763666239,1056.4215,12.2875595,1.51509
435621494703658240,50.33437438269159,48.75740022834941,5.728808131627639,159.32253,23.29407312288921,-24.830966618094536,680.005,11.743715,1.0692978000000002
435662657669546752,49.744704878132154,48.84498606469439,5.959952506963925,242.14757000000003,24.17609609820952,-26.10163656546761,847.1387300000001,12.984709,1.5868483
435641079753756544,49.924139509638536,48.913538322468604,5.437101224859894,82.47788,27.736253026633072,-23.716778335949225,2106.136,9.12527,0.64614487
435614519676201984,49.721628041712684,48.71494004820619,5.674896456914128,53.31130600000001,23.61239964295259,-24.272804843789853,656.2874,17.229523,3.11028
435647642464171520,50.41774310925161,49.12011773329459,5.8196362863555935,145.86873,23.913485425761642,-25.85531829784018,4916.475,9.472725,0.62359333
435640736156323200,50.050688048643856,48.94468724883983,5.881451951996311,94.34111,23.42230708950983,-25.269953203409546,1213.0483,15.616276000000001,2.7025032
435668494527093888,49.72773767401879,48.96930581602198,5.8907503660723375,34.6535,22.85499357508473,-25.11437405766396,506.86386,17.82537,3.1847057
441790888807915648,51.94508392589797,50.176430770947,5.510992530933293,133.05365,22.31913591726252,-24.230828554598613,439.36624000000006,12.625071,1.372242
441780168569668864,51.683148619123536,49.90944440261364,5.670512719919503,148.16516000000001,22.492994891968088,-25.338989927456932,658.3385599999999,10.73468,0.91081715
441863216056761472,51.10446638641147,50.32618673594824,5.849829444915135,67.074844,21.834317526937934,-25.284540105604183,4288.838,9.101563,0.63906765
441849162923735552,51.40702735912898,50.32154085958926,5.641539015921808,150.89731,23.257104483895265,-25.988517762477564,3622.0215,9.94055,0.81447315
441819403089285248,52.42796670117431,50.35410446525749,5.973419764639611,24.24665,17.301048233271988,-20.523394737161524,500.43967000000004,18.59545,3.043869
441781955276048256,51.67046831493911,49.95954338468657,5.879804180318593,84.12148,23.349609142489967,-25.755719301383834,716.6478,16.042885000000002,2.8242578999999997
441796519505164800,51.638709404954795,50.12814458491032,5.444059362688921,35.973618,22.531767441676983,-25.167591381334084,752.66,17.748785,3.3255825
441815593459726080,52.12092709303109,50.30267323759488,5.9027089831183295,48.6585,22.43841474492072,-26.321315059381863,926.08014,17.17855,3.367136
441833975919663232,51.95455537313609,50.53103348001041,5.726009446329638,75.41951,22.52215987256028,-25.002871336981787,720.4742,16.14614,2.9059114
441814146049270656,52.317057044110406,50.31531317117214,6.006075256101215,27.777838,23.098695788069488,-25.11889369157537,522.5591,18.490347,3.5400123999999997
441772197109301888,50.760077714717944,50.31747551695285,5.513433197301777,42.6443,23.418586161251145,-24.975034768658137,781.3158599999999,17.567846,3.5498008999999997
441866411512345856,51.23760959336642,50.48164384831847,5.506248812273526,127.803,22.53049401933617,-24.72757175699607,461.1291,11.996798,1.1502075
441820330803357568,52.32824663948554,50.3695534143458,5.446392752578398,11.983308000000001,20.215169959324502,-26.712282832373557,263.04645,19.51644,2.989605
441813566235162240,52.2265695712696,50.271633858204545,5.699313846080988,111.782875,22.475247037858185,-26.061771426949143,1104.2910000000002,15.088721,2.4100237
441778549361592960,51.7202875142973,49.883376527928846,5.851463237412061,21.751617,22.72620201296699,-24.82559322569059,376.53622,18.910397,3.4128323
441769929366560128,50.979702410345666,50.306570704503564,5.705961876734447,167.8012,25.570047333921536,-30.00034027476693,4857.108,9.841633999999999,0.79167366
441774911528969088,50.92486491336728,50.46275506729804,5.736151800010318,117.32575,23.935122537980995,-25.51332547088952,1883.0156,15.332861999999999,2.5110645000000003
441815146783142400,52.14456984149135,50.266764547325536,5.432802808471334,140.36943,22.287545855377513,-24.416986002077174,4405.355,9.939088,0.7673291999999999
441805869653399808,51.64061525835145,50.231700139727145,5.538713190440018,186.0133,22.307257080715715,-24.906876897089237,488.38125999999994,11.843575999999999,1.223299
441825145466851200,52.351829074689675,50.508092689572585,5.83658175305539,55.903877,23.259463058889903,-25.76540902388368,860.3792,16.767078,3.1124506000000003
435689698783448448,49.87804764487662,49.05047696161108,5.902785567995122,116.68579,26.474402302461147,-25.263895855290656,1985.2008,15.360022,2.3737764
435689247809089664,49.8541122294676,48.99437947109593,5.923622733454285,69.78819,23.702166863814288,-25.609421274403683,1222.4689,16.305595,2.909275
435690626496933120,49.988942751327045,49.07253659357729,5.961846697015375,97.024506,23.747840002878576,-26.69120888354982,951.9131,15.431597,2.5864439999999997
435705298104337920,50.21513792888248,49.46584913738727,5.7497442750123025,165.3816,24.024024558861687,-24.961603093981317,354.1341,12.620656,1.2777662
435688324393958784,49.947859798537635,48.97888699390325,5.585159671979844,28.183998,23.68776765783793,-25.402347645297898,679.84247,18.288996,3.4172860000000003
435711654656118400,49.5920766811435,49.338637701510194,5.794927403127445,27.034744,21.762156938250875,-23.55241769161534,510.84252999999995,18.37817,3.262064
441937295652064896,53.35011421386925,50.12951459775481,5.406741045053798,123.91384,21.43309171968902,-25.279582351421094,1384.5957,14.784231,2.2449044999999996
441950111834340224,53.40577239084442,50.38128299131405,5.480319537093253,62.45855,22.04638659456291,-25.299312090010318,749.727,16.399752,2.9884147999999997
441939181137538944,53.025220323457184,50.09817490435604,5.4226919229691255,41.771355,21.731852083572264,-26.13967763344607,727.5937,17.37057,3.2037047999999997
441920455079650304,53.213049112141505,49.84541305135458,5.612435330379554,71.59145,23.35040155198065,-25.230754242579856,471.76877,12.715746000000001,1.3921423000000002
442011581405918720,52.843278499206065,50.5784161353734,5.6981791838462446,158.35341,22.861334495208077,-26.71248153382464,516.1369599999999,14.26075,2.0419579
