source_id,ra,dec,parallax,pmra,pmdec,phot_g_mean_mag,bp_rp
573605874657188992,2.4727647560025687,85.07495655932853,0.6275471828596423,-1.9806739753209202,-1.1082641674347018,16.78523,1.0740929
573575397572493312,7.1385215359205,85.19898810892184,0.5236678708827436,-2.361474432934187,-1.1058807626764644,15.048945999999999,0.8742933
573622436054166400,6.616653302110313,85.22060843518706,0.5572058786451849,-2.1504416916349234,-1.2287651308372576,15.307907,0.8910427
573574607298514560,7.319135469429597,85.13017668955315,0.5311163768926079,-2.331413202057609,-1.1330823254783984,15.36917,0.84699726
573571205684417920,8.661594244079527,85.14448216233059,0.6262380860800892,-2.1928068938460057,-1.2202883001129785,17.851519,1.3244438
573573885744009984,7.961519547977753,85.13323969664835,0.5290741594229473,-2.079866299763549,-1.1206062564046697,10.05114,2.1861667999999996
573605874660281088,2.477817575130805,85.07416787551777,0.5956475684368225,-1.73235006874556,-0.8898376030729256,15.040761999999999,0.81857586
573574504219297152,7.824748664420338,85.19226596312167,0.5170154940771979,-2.1094088456751527,-1.1909988844673034,14.969954999999999,0.88002205
573570003093582592,9.534979965192242,85.07687067105715,0.6193244905183698,-2.1176342799322985,-0.9954759711594756,17.269754000000002,1.1846008
573573370347796096,6.877072635216969,85.13585180636382,0.5471143118619991,-2.1408151563993814,-1.1421034703204966,16.599808,1.0290937
573561825475874048,8.127457016171366,84.9040139301472,0.6182903810150416,-2.2849206113767706,-1.4980679007717592,18.060522,1.4642696000000002
573557564868306560,10.346645254069946,85.00031374009927,0.5273444868169794,-2.3988817317941735,-1.1334271231215385,15.550554,0.9020815000000001
573562169073257216,8.406697385897758,84.91423001516065,0.6267777099445537,-2.4813303586101645,-1.1106238212831427,17.590861999999998,1.2488346000000001
573564299376908544,6.900255504419005,84.93161358722556,0.6372115457357881,-2.3448068920956957,-1.1836494840274203,17.279188,1.1770878
573555468924280192,10.348727464521488,84.93007632690903,0.511946138806903,-2.1277631293783617,-1.0462410757468128,14.942824,1.1653862
573557221270929408,10.05139606246928,84.96200631707077,0.5338272645258212,-2.4422885020325342,-1.0598010421734292,15.831078,0.8886728000000002
573556602795639168,11.077521588781908,84.9776503187918,0.5214113862816079,-2.379064366815645,-0.9782639485699376,15.649022,0.8942251
573564093218487936,7.206314016223005,84.8938366108537,0.5326635059009847,-2.59347373251135,-1.4068939479217937,14.795229,0.9114313
573554987887950208,10.210013624389754,84.89648570112794,0.5052732744032847,-2.5039309133441203,-1.0942144281019022,17.527727,1.2817898
573608795237942528,1.647652492237421,85.1009876738259,0.5676533265009669,-2.157636875302305,-1.357058714134825,15.979454,1.0291138000000002
573556396637219328,11.288488543157206,84.93365989298836,0.5492876754754658,-2.249325541903671,-1.008001340568016,15.355145000000002,0.8963194
573589004028803968,4.748981793535712,84.83439853815746,0.532246427135611,-2.2420213941712617,-1.2518168602951107,15.922278,0.9963064
573569728215680384,9.926162920956903,85.05259355351212,0.5311828723365805,-2.2766628508546667,-0.9191593491535692,14.878616000000001,1.0776091
573570140532541312,8.93365967977754,85.03069818424011,0.6262518920036766,-2.89733760356588,-0.4020222729159168,17.718784,1.3353118999999998
573564295079248640,7.077978419700763,84.9281988701087,0.5327072702242482,-2.456056076630225,-1.355433482800902,12.34406,1.3853091999999998
573602163808573696,3.1937435035030046,84.91179180362903,0.5852030799510276,-2.3478249156226747,-1.6754891791567643,14.388710999999999,1.0589895
573568525624841216,8.851438747076116,84.99855421303155,0.5371143524309099,-2.8306453592734364,-0.4931046919519367,15.900348000000001,0.9154177
573590103540418304,4.012133017589656,84.88054455303264,0.5543972987486816,-2.462988706994424,-1.1343944540353728,16.017025,1.0351485999999999
573610959901614080,6.456428735034741,84.91238410830157,0.5127800608212204,-2.280747314518349,-1.250573434025537,15.760038,0.9050331
573570720349837568,9.074252267070532,85.08960262640632,0.5562290585437809,-2.516120713343917,-0.8673991085642054,16.735209,1.0474739
573619755994600192,6.656670172364558,85.09670590011336,0.5200423595194593,-2.173609318450767,-1.21469141627955,17.055,1.1216087
573552651425754240,11.786207270363574,84.86778657442282,0.5433888063510804,-2.3698931659877083,-1.1399161387930468,17.226868,1.2357082
573549146732432640,9.853403046619203,84.86409459167024,0.6145518387855153,-1.3503524840511063,-1.3408464227754626,17.2342,1.5863266000000003
573554231973717632,11.132331938681743,84.85973419017462,0.6699654931513176,-2.357242575790208,-0.9868908546806696,15.582004999999999,0.91487026
573574671719786624,7.479933716615367,85.14162399174606,0.636641926748163,-2.5807596297440423,-1.084510302157532,17.34552,1.1714076999999998
573641913727916416,1.163489846947933,85.38680641722677,0.5920867135665009,-2.395700197872848,-1.4240406646985089,18.001219,1.4582081
573774507958045568,15.057577733487356,85.26163846668558,0.6161378243352489,-2.1225283795261443,-0.8630329770543352,17.856623000000003,1.388937
573742209803867008,13.751479312328373,84.98883322621465,0.5385452585156814,-2.3111301920191347,-0.8807010061540823,16.407948,1.032856
573641059032312960,2.566941383683436,85.44181093427754,0.5285364550003356,-1.9144692716717664,-1.3421912918811107,16.982641,1.1951332000000001
573748089615854848,14.355205000432196,85.07705395191438,0.5930776974307982,-2.521804516500524,-0.8245004824705031,17.396573999999998,1.2326126
573748020896380928,14.461607992720944,85.06550017484436,0.5342465763333965,-1.974760873987988,-0.6752294782051529,17.601017000000002,1.3025341000000001
573625356631910400,4.08952940900136,85.25195085136448,0.5421019973356536,-2.284942085289978,-1.264456916967147,12.801102,1.4309368
573750804035167488,13.725077745095382,85.15745110551202,0.5188696566528536,-2.352724331475508,-0.7418619196996651,15.933228,0.9343146999999999
573749979401455360,14.934492731616428,85.13263457602585,0.522784515926952,-2.3341821562254514,-0.9416383501938362,15.838389999999999,0.9255761999999998
573765235125276928,18.231052944732184,85.2243222104898,0.6160434392278268,-2.3165573811121187,-0.6088370157015877,17.553396,1.3221493
573750288639091456,14.5376796312055,85.17241642653592,0.6659929950512288,-1.8690394462576247,-0.9117363759163848,17.578094,1.2958641000000002
573762108389220864,19.291193574929586,85.18952740149156,0.5029074848043891,-2.198692326014013,-0.6894541095430468,15.73006,1.0690621999999999
573786572522751872,15.042788396571607,85.57273714512063,0.5036218666844018,-2.3468656301100164,-0.7713641212307903,15.337397,0.89894867
573782346274961280,15.849822102130119,85.34319240744162,0.5023382321274033,-2.163802126788195,-0.7141879622951455,16.899559,1.1094111999999998
573748841233408384,14.078323099117597,85.0854882925791,0.5275258013338776,-2.601349827965586,-0.7747434473769613,17.242817000000002,1.2421360000000001
573774718413058944,14.327972133723257,85.22923007505666,0.5551768954277476,-2.041518819929167,-0.8393133214654191,16.439154000000002,0.99392414
573746921384744448,15.466795285079876,85.10910234273427,0.5146860026700474,-2.292548297043122,-0.8482587911125045,11.07467,1.7956896
573624119681342720,4.749800981655046,85.19471451965913,0.5155975128298584,-2.0782860601406803,-1.2521030057106577,16.529493,1.0282364
573774031218293248,14.76564176554348,85.22664056154886,0.5033960372066056,-2.567393760178456,-0.7745500046305985,15.229192999999999,0.88009167
573785232492958976,16.451826857408168,85.5008973014797,0.5075513636146476,-2.399941955352129,-0.7332157709027843,15.550154000000001,0.9341898000000001
573748879889832192,13.840875322092574,85.08761355619326,0.5546778217062197,-2.372314044226543,-0.8881290414998344,15.930809,1.0601921
573757916501026048,17.18336380947676,85.111482961599,0.5187847266306046,-2.328901996554817,-0.7931501973435272,15.219144,0.8998995000000001
573757366745224064,17.007010387684463,85.0592230671545,0.5628658264250642,-2.4971729964762415,-0.8683827821242257,16.384453,1.0715361
573747299341887488,14.7495346059251,85.01049090449266,0.537308309841523,-2.690422073130086,-0.6597891097807661,16.938446,1.1039638999999999
573775302528603648,14.429705801140598,85.27872289641212,0.5746805262667654,-1.821413239300564,-1.4681248624390355,16.394426,0.996933
573783651944998912,14.929080851868337,85.43572988650311,0.5399141928050006,-2.3811699703593137,-0.8414038600012983,17.759956,1.3678017
573775508687032320,14.368992256590188,85.28480674405195,0.5741430352204753,-2.1511326070330217,-0.7520378608248697,15.875793,0.9075146000000001
573627521295416832,4.18031255493487,85.32853201983971,0.5339072311749103,-2.235868335846687,-1.265911298984147,14.807001999999999,1.029007
573773374086698496,15.961209408514506,85.3022102684635,0.6079562726644069,-2.4791907615744564,-1.0958270072507417,18.103907,1.5228576999999999
573778429264792832,16.835573216290648,85.31441937039354,0.6255279274774002,-1.3899689969814648,-0.9312126654707013,15.011875,0.81612396
573782621152860416,15.398620295176348,85.37372584822164,0.5539915173685449,-2.3887926007069757,-0.7953692069125319,14.372907000000001,1.2491798
573782380635076736,15.857204865944665,85.35832285442899,0.5204968433328588,-1.875076359495711,-0.7108423700431362,16.120396,1.0473785
573625906387718912,4.13880889042355,85.29375851433396,0.5421429734960322,-2.0636674521502525,-1.2746611913599717,16.215870000000002,1.0076761
573774924571850496,14.06492172447708,85.24451153181252,0.5189920755054364,-2.262968091509209,-0.7344529729652703,15.560734,0.9331074
573780662647770240,17.180804624048854,85.41331647438031,0.5360948547562645,-2.2385671901444346,-0.662774853478094,15.629188000000001,0.9159069
573805436019153024,22.65617461672215,85.12619115420298,0.5487179753497915,-2.2327200453290565,-0.4349550028044201,15.359433,0.9616976
573747711658744704,14.882174206721055,85.0268499255776,0.5571651682706728,-1.6681086429392349,-0.4624140260657708,16.88851,1.0887413000000001
573759801990921088,17.727793281946283,85.17160166249954,0.6545217007433447,-2.8715759235689218,-0.7734766371730987,16.902897,1.1947346
573776814357075584,15.264700911382567,85.37594501052988,0.5688050450184479,-2.4619343240839515,-0.4339382218021636,17.77799,1.3654194
573775611766243840,14.26976976236999,85.3061572643214,0.5027234344300334,-2.390042895677229,-0.9012931831287356,15.416982999999998,0.8962898000000001
573776333320750464,15.752679830763563,85.3188847378544,0.536979303137971,-2.212160323936968,-0.6334096533501714,16.808372,1.0886745
573779494416674560,16.277975114720313,85.35750533273549,0.5583296459451154,-2.007722239353674,-0.5893064518820811,16.362555,1.070898
573774065578392448,14.841583554621868,85.23783673469283,0.5621029034477499,-2.3304769300195374,-0.8563099243705461,16.311241,1.0099258
573748806873663744,14.13832430291334,85.06816637128273,0.5788873436296346,-2.45007984829164,-0.8527766409035267,15.97807,0.9605484000000001
573738468889035264,13.928631545421169,84.8233860025687,0.5405972433968939,-2.2525570587469588,-0.6512706089513366,14.435835,0.83861923
573696550008458112,22.924995791965074,84.96128667609466,0.5163630079798108,-2.565196126047199,-0.6438985258526131,17.362470000000002,1.2831801999999999
573784820176101888,15.78982316894746,85.46458942675913,0.5123487125456003,-2.5840696781897785,-1.562247066232163,17.336044,1.1488934
573808867697339904,22.072327884853806,85.19162756400691,0.6351741819337984,-1.3816176109540346,-0.6393456087345929,17.623257000000002,1.3696518
573809937144865792,21.2123724693517,85.24074161932838,0.5490203327415538,-2.364453733517752,-0.5978091236827977,15.511679999999998,0.9891709999999999
573765819240817920,18.335708135520324,85.28228518191396,0.5279480971868404,-2.5416400431692217,-0.8751980354965624,16.275620999999997,1.0609941
573624497638457472,4.350684500645952,85.22423440264298,0.519539791516991,-2.222506319232536,-1.1344880449029693,15.819038,1.031929
573750804035168128,13.67931053304038,85.15433999905811,0.5524181960144802,-2.1146433943914733,-0.9183199635456226,16.87417,1.1128844999999998
573776294664255104,15.719869034411445,85.29893556471166,0.5014732351518588,-2.4035312255547114,-0.7831436483001974,12.327509,1.5013657
573770732683419008,15.407972847231193,85.18699197521262,0.5253001048882419,-2.4555085320408385,-0.6306327756900788,16.402819,1.0175009
573865840439295360,18.724537221160567,85.58911552786749,0.5325898241665433,-2.2569399294983006,-0.5260890595299283,14.978302,0.94326305
573775023354112384,14.052575570001832,85.25096906287112,0.5100923432422829,-2.341428912180477,-0.7598773011592185,16.249886,0.95124435
573742592057631232,13.44586436205307,85.02992106336231,0.5860128052466419,-2.654535295083245,-0.7751039754069745,17.044413,1.1693916000000002
573742626417369728,13.488309655697005,85.03032582146308,0.5208386562549475,-2.4173040402394594,-0.9631184149606256,15.3735695,0.9003935
573739877638305920,13.255552319948473,84.89251097534897,0.5412785546228875,-2.231326830295569,-0.939739678131163,15.157716,0.9689789000000001
573770114208135296,16.426860976979963,85.16535950867106,0.6181911779923301,-2.356011817945248,-0.5647258330267199,17.301245,1.2258568
573773550181969920,15.175121924207215,85.16344818785531,0.538023584695581,-1.3819950390582925,-0.4993532117697664,16.55935,0.98962307
573740186875949696,13.595512689216369,84.92774281947976,0.5017413861678576,-2.2772391463391437,-0.9364542940288156,14.007121,1.3387547
573750426078043136,14.693018097158413,85.18068118003427,0.5005754306667439,-2.3440953855535334,-0.8560157153504345,16.412167,1.0238972
573751010193595904,14.326934726104493,85.1746617903847,0.501456704873789,-2.337790037236119,-0.8660917034431637,12.152716999999999,1.399476
573775332591773056,14.665049134707534,85.28809465878076,0.5631478294130937,-2.17412142288012,-0.9984162176989104,16.466160000000002,0.9977751
573741423826924928,14.137632095348268,84.97794489433724,0.5530078024921921,-1.7026144001028465,-1.3467560121886564,11.849277,1.2162619
573744103886519040,15.242736607688249,84.99164023931543,0.5152061829786897,-1.9742233748414957,-0.9267487916751058,15.909745999999998,0.9685440000000001
573748742450797952,13.503198540214731,85.08758197626614,0.5236221689157525,-2.405463284657843,-0.7487770943254978,16.101868,0.9838238000000001
573737747334641792,14.673451985020463,84.90710022161879,0.5673880970013153,-1.903051902424314,-1.3910989459887422,15.237457000000001,1.0594931
573743313612256128,16.228410093584753,84.93148838742205,0.5367718460316299,-2.3808758895112696,-0.8496097285596723,15.411051,1.0282601999999998
573940091834388224,12.404013408316839,85.27746575157506,0.5191446063080996,-2.5887270743093262,-1.1450378664669043,14.865274,0.79935265
573942909332933120,11.96609164569406,85.27379837527809,0.5410518312029581,-2.1637985678568112,-0.7958253597648676,15.852025,0.8850478999999999
573935934306082432,10.87791614857354,85.1957754613817,0.638899422708287,-2.158314131361135,-0.7636488448896686,16.754572,1.0408707
573941053907096576,11.322077188007588,85.20608478338545,0.5055890647662695,-2.3094025632564352,-0.8421165561085969,15.196499,0.8766155000000001
573941260065528576,12.027384333716336,85.21556157916055,0.5510132251450808,-2.9287540210359984,-0.8701577734645918,16.41592,1.0441723
573942015979736064,11.017920875121217,85.25736522370022,0.5394380491148041,-2.0648575235741897,-0.8681330469699928,17.619865,1.3028164
573941053907097984,11.362482529257575,85.20486967055632,0.5345306232060072,-2.3065317444052225,-1.030304702779744,14.964429,0.8913269
573940435431764992,12.472521158804613,85.29499290929014,0.5390678223420454,-2.6197952022041218,-0.8064460250010962,14.82228,0.92355824
573967270387387904,12.136930230546696,85.38675551105331,0.5139684603562061,-2.364106642592736,-0.8120424635398213,14.890308,0.9041796
573943149851095040,11.70817171445202,85.28514095743105,0.5383790558021498,-2.0655022557237768,-1.0861577973699457,14.880431,1.1758708999999998
573941225705789568,11.94256948731514,85.21450612950137,0.5076409048593753,-2.3712278283660506,-1.0049243258734029,14.770028,1.1484889999999999
573940985187622656,11.371388356233384,85.20371656871272,0.5968286917371214,-2.4591801119018952,-0.7989120355138007,15.686225,0.8750056999999999
573938923603328000,13.268953231351853,85.21876747991307,0.5909300161079704,-2.378877706269104,-0.8841957912805155,14.687953,0.9295902
573936724580102784,12.9798137337735,85.13112701789414,0.5093250290220356,-2.3593471688882506,-0.9814379430728352,15.719478,0.9160824000000001
573942428296589568,11.053850626882806,85.27436019946397,0.5385029713643574,-2.342026249086941,-0.9014653807977986,15.645221,0.88459873
573940985187622144,11.374759042148067,85.20451632297255,0.5063548628437651,-2.3617550975412662,-1.0910243639978,14.929969,0.8754586999999999
573942153418684288,10.586029007483717,85.26097073974279,0.5152721174769189,-2.266292239395782,-1.0780537054277386,13.241329,0.729372
573942978052404992,11.859085653600356,85.28211930778724,0.5077088751283987,-2.0639068322462566,-0.8821720009447974,16.127756,0.9399976999999999
573941260065522304,11.96240668406594,85.22474691202254,0.5189748454399152,-2.06415738711634,-1.079550606856998,14.48366,0.89451885
573943012412143744,12.046269134513109,85.28428640788144,0.5767190379141062,-2.1615393404597696,-1.0287996653437776,17.408789000000002,1.2016773
573940091834384000,12.322211918723214,85.2851770412033,0.5213544712616655,-2.3844759334405627,-0.9005344506111868,14.763176999999999,0.89859295
573939679517557120,12.605178752842138,85.23479977998339,0.5412379232104256,-2.0624805153481494,-1.0869066719894256,16.182333,0.9839610999999999
573943149851098240,11.752986832771995,85.27822901641184,0.5083076841621242,-2.394917868987899,-1.0414871323730817,15.72505,0.9016323
573944176346085376,11.103730926066113,85.34403415329325,0.5257365811704695,-2.322065843715839,-0.946414048200656,15.546921,0.8689041
573938992322792832,13.010071038975385,85.23499629628463,0.5143136331606981,-2.305873477675433,-1.0102759987400076,15.335525500000001,0.90254974
573946723263927808,9.212459840538646,85.16741116366384,0.5740674251638317,-2.3205665246304696,-0.9124210769525029,15.714517,0.91397285
573954346828597120,9.710809885719152,85.32160262672086,0.5094645808897147,-2.3754894094574808,-0.7943178936304705,17.739760999999998,1.3515549
573946414026282752,9.069140621728527,85.16384502028727,0.5483269517206009,-2.1917810111141685,-1.058202446807898,15.150697000000001,0.91619873
573940366712284288,12.81962080989982,85.30645233590536,0.6221498910926182,-2.59746285703976,-0.7411140154805339,16.684076,1.1592673999999998
573936037385290496,10.59388818146148,85.20190429878943,0.536335788432291,-2.3727134972170125,-0.8571727572905754,15.4242525,0.8738488999999999
573939713877299072,12.869004411476233,85.2311402956838,0.5417211610788247,-2.391761016762072,-0.7376215740970952,14.837345999999998,0.9068040999999999
573943046772016768,12.077516701115767,85.29256952646024,0.5547311568884776,-2.660020224853957,-1.1337124312256752,16.330220999999998,0.9286947
573942256497894144,10.606663188522653,85.27279693170014,0.5548854105648696,-2.030574129103936,-0.8192993397741942,12.634536,1.339961
573944146283478400,11.326487317774367,85.3457767354757,0.5276763240983543,-2.172661328854344,-0.9392289654732644,15.935571,0.9165353999999999
573936037385290880,10.534655806703284,85.20025930428244,0.5270914988815097,-2.323886392956316,-1.1387123136036221,15.147632000000002,0.8759450999999999
573941741101817856,11.379957899926028,85.28818502030946,0.5423310814208572,-2.291751013645184,-0.7735331380419219,15.146389000000001,0.8773384
573943081131614720,11.92195835341206,85.29471381113758,0.6154047749466078,-2.2949851339259686,-0.812435307084967,16.867507999999997,1.0863991000000002
573938816228181248,12.893676890181055,85.2122254895614,0.5330554688342724,-2.5273468392398555,-0.9210787303188892,16.605906,1.1923923
573942939395342336,11.893817722944169,85.26404372071708,0.5142011661215286,-2.3217920505629706,-0.9360109974650244,15.2414875,0.8436136000000001
573938408207239296,12.083435372836034,85.22419074022041,0.5168613442509918,-2.459819533522581,-1.0320494149868291,14.105614000000001,0.40382195
573941260065524736,12.011368794243975,85.22057109778612,0.5314692750445622,-2.11711592279976,-0.9428736677762108,16.237095,0.96691036
573943218570568704,11.536334975598614,85.2879288436628,0.5186181365805445,-2.312627151736196,-0.9845844067451824,16.226854,0.9460888000000001
573941260065518336,11.921828350670518,85.22935930374756,0.5283281987203025,-2.4580883392177664,-1.0606046832977905,14.799319,0.8870325000000001
573943149851092736,11.596153548710749,85.28708260543179,0.5337353791276981,-2.8107552011612382,-1.0466497074219188,14.878053,0.7858124
573942497016063232,11.318663925495699,85.28353987239326,0.6120569597151142,-2.6051446999454857,-0.6793334226172948,16.266401000000002,1.0834284
573956133535035648,10.359786073145088,85.35322935411565,0.5664450329696502,-2.3654930773882623,-0.9322549556819818,16.795702,1.0648537
573939713877292800,12.79393852910208,85.24137532745327,0.5583627962376484,-2.379295394869806,-0.9100741033735024,14.909978,0.87471104
573948063293683328,10.156813184441294,85.25387891355581,0.5414049993141697,-2.3564844128289995,-0.9083260674483252,17.660463,1.2713356000000002
573941741101821696,11.513789310465866,85.28240266997314,0.5110183293409722,-2.134604340185923,-0.3473099036296556,14.919561999999999,0.87996864
573939335920169856,13.329916688050213,85.24947189113244,0.5750939849376839,-1.8252543871228983,-0.4710610205899096,16.692871,1.0953617
573935934306074496,10.791710138346954,85.20672141859691,0.5154687040473276,-2.305642095302629,-0.9909532078124216,14.892562,0.87340164
573942462656327552,11.241932864793897,85.2779338016486,0.5212176096332869,-2.150216364383841,-0.9498577774305558,15.245589,0.8806648000000001
573942290857628288,10.527436547326984,85.27979511664715,0.5188991283919342,-2.2804117063330613,-1.0487428643949843,14.063377,0.76432896
573943218570563712,11.399716770245664,85.29536989075697,0.5789877594883196,-2.4219143827804217,-0.880863643426277,15.014481,0.88749695
573952152102506240,8.113090518743512,85.3153476942606,0.5526347420659585,-2.3727869535091903,-1.1120943102037248,17.483522,1.2647991000000003
574015099142968192,4.510075481725402,85.75161762751246,0.549568921984197,-2.252089692653513,-1.5005856934262831,17.527476999999998,1.2866173
573941260065519744,11.964590584356065,85.22833836699179,0.5460001094132887,-2.493751323923857,-1.385219068478164,15.36333,0.8889513000000001
573964246730422400,12.436659115990402,85.36521898377646,0.5719333891668062,-2.4997802226759864,-1.001552109910804,16.45504,0.9866543
573942153418683264,10.460897341151732,85.26298687013211,0.5575420506065633,-2.5604235134307416,-1.2615260067532794,15.988429,0.93123055
573941427566934400,11.767783483373124,85.25045643192475,0.5854568254354121,-2.5044780776391877,-0.6386327518922068,16.857122,1.2802467
573941431864196096,11.79609228113176,85.24947781526936,0.5531336087156113,-2.398870491478188,-0.7953811054060391,15.372491,0.86178684
573941775461596928,11.128436038656506,85.21252586868171,0.5338671696032812,-2.2097250950677765,-0.9722119694854404,15.985929500000001,0.9749546
573943218570564864,11.385260708025742,85.29395039506807,0.5204700612444629,-2.3303421281459964,-1.0403560025523797,14.773570999999999,0.9225426
573983483887115264,10.563367266386848,85.62909845536818,0.5307033814254218,-2.544892002989448,-0.939555622618615,17.548553,1.5530948999999998
573942531375797632,11.096604155525755,85.28915303297093,0.5014619609161168,-2.1676903109288284,-1.008863092411532,15.245543,0.86384296
573941363144728832,11.937350593086748,85.23922458119266,0.5012296710030837,-2.2393994037820284,-0.9832466512264886,14.393826500000001,1.2190714
573943218570566528,11.486326254602204,85.29158370061037,0.5400643784209341,-2.449558120382505,-1.0781258951590955,14.04822,0.7030181999999999
573941912900543616,11.187985898656413,85.22507716129788,0.5698385078465573,-2.6632534524149167,-0.8472773573523902,14.941326,0.8606119000000001
573954144967363328,9.961499410407923,85.27408306104607,0.5864705154312131,-2.1683234873309307,-1.2641385575866384,15.882223999999999,0.9587841
573939885675981824,12.451319958416176,85.24129898977857,0.5232765369826343,-2.3445214118980897,-0.9081784953907448,14.741057000000001,0.9362507
573943768326360832,11.558184556897617,85.33629046616835,0.5466409005813223,-2.0773497618932195,-1.0038615190652969,15.082575,0.8797159
573945963052333568,9.390278619853131,85.16084618140358,0.534947003514825,-2.2497222557064904,-1.0491499662459691,16.466625,0.9983225
573968198100311296,11.435423121811493,85.41039976745247,0.5100220178876392,-2.258022366116092,-1.0461573924589809,15.565307999999998,0.8984928
573935002297191168,11.261507130836337,85.1630635013612,0.577505195707522,-2.335268885533129,-0.92926338186444,16.2434,0.9580927
573946139148366336,9.584082489883862,85.18902540287009,0.6377473091755455,-2.1784999578603133,-1.3101931217805516,16.304514,1.0441122
573955347558166400,8.889307802440513,85.35353171913584,0.5736453860815304,-2.2070383715901363,-0.9871986474430268,15.044795,0.85244656
573939679517550848,12.545433211756208,85.24391382701683,0.5320078842506575,-2.2122264881265865,-0.9520754331303748,15.274981,0.7509794
573967373466603392,12.01594918855843,85.38476698948237,0.5451932428842379,-2.25247376099881,-1.0069357971033954,16.238410000000002,0.96578217
573935002297190656,11.154647921279864,85.1638254315435,0.5606091887395954,-2.48970930430976,-1.0889677635938697,16.797812,1.0790215
573941981620129280,10.98821430581915,85.23849205555072,0.5024650329321648,-2.297778233365454,-0.9325793203191904,15.450811999999999,0.908968
573966273954961152,12.921176565084595,85.43706081037801,0.5503456990830163,-2.348283315422727,-1.1002423057560882,15.643841,0.9188050999999999
573955622436072832,9.509375974179713,85.36681279306066,0.5717621516733488,-2.427133614407356,-1.0096611612830892,17.513308,1.2389888999999998
573963800053852288,13.077054390441553,85.30850222973314,0.5365385052336467,-2.2926247653422704,-0.7457170709698947,16.553635,1.0729141000000002
573943424728991488,12.08125435561656,85.31141973994282,0.5384139957431904,-2.3042523747577386,-0.9310452400886936,14.800562,1.0145464
573942011682483328,10.953973463053089,85.25996770772221,0.5436766406015742,-2.284470809219942,-1.0898558130989606,17.010107,1.1433601
573943252930299392,11.463095814504689,85.30231639751473,0.6206808407175157,-2.3882659004130082,-1.0320178988682185,12.058268,1.4664011000000001
573943287290038528,11.724906393649128,85.30491014989529,0.5101766059989656,-2.2915731971709197,-0.8515072064949011,16.512972,1.1800747
573941431864201600,11.775835255508628,85.24193176004697,0.5772543652723914,-2.516351668894645,-0.8355545501783187,15.7604475,0.9549551
573943802686095104,11.694463462700233,85.35081853519318,0.5526507460506359,-2.3913045186082202,-0.8907780050031998,14.869670999999999,0.9050665000000001
573941500583679872,11.596253013530482,85.23741316691864,0.5880820748760364,-2.6155475063827547,-0.7601029450795305,15.608097,0.9698247999999999
573968507337947136,10.866572618745217,85.43640990793374,0.5335035710272114,-2.266042942412009,-0.9353994972530808,15.446320000000002,0.8673773000000001
573943287290039680,11.810958986699982,85.30376433255356,0.5508406201031335,-2.2632734576570863,-1.0345838527625193,17.255047,1.2912617
573938129033408256,12.56131243705714,85.20245245817776,0.5722290261524768,-2.60287768521477,-0.8029623197307512,16.113321,1.0678301000000001
573953938808937216,10.112416739538666,85.26852098692977,0.5789505768727886,-2.417783618567245,-1.1367558931589048,16.62471,1.0229893
573941156986295424,11.267587483733216,85.23316861046665,0.5459193226605292,-2.434439864957576,-1.1271986313239777,15.928679999999998,0.92547894
573940877812476288,11.597716737887586,85.21261900220692,0.5498134262574809,-2.5081889176091714,-0.9699179435642444,17.560085,1.2036705
573940087537171200,12.293537207415874,85.28251576410199,0.5055354921066898,-2.3869252801776253,-0.857089929617864,16.794186,1.0630493
573944283722430848,10.888827607254543,85.34085101007746,0.5856385552121705,-2.4660509150488155,-0.8216492593319068,16.37987,0.97460365
573941874243509632,10.892018760396821,85.2368906501695,0.6232354345616268,-2.0286500443922946,-0.6655778541436539,17.708399,1.3133373
573963078499535616,13.548409277499509,85.29954205764172,0.5219494838325731,-2.2766571558619155,-0.9020214140743484,15.674263,0.8994694
573940641590179072,12.34256718866878,85.32635425847542,0.5523931094314318,-2.3062376066012567,-0.951783474860131,16.679582999999997,1.0586338
573940912172215552,11.612829030368314,85.21486445741057,0.5231242877938547,-2.1526057114112045,-0.5528032237356665,16.102493,0.9678353999999999
573941500583681792,11.550407382555955,85.23387894710521,0.5125714447362486,-1.8359829143386284,-0.8116153491890171,16.154898,1.0913754
573954866521832832,10.03623447314333,85.36618932083216,0.5116179508474286,-2.2937505734228845,-1.0115512546124759,14.194213000000001,1.235342
573941878540803072,10.972298912947275,85.22527773350555,0.5025460100863381,-2.235981461320588,-0.9835834465576222,15.583482,0.8856106
573942565735528320,11.08998336725486,85.30540647860691,0.5294223261914777,-2.314390439169713,-0.8350501032619911,14.865454000000001,0.87959003
573939885675971712,12.387482409042848,85.25462868956552,0.5149890797203719,-2.3258940562620625,-0.5185738738205506,14.044448999999998,1.182085
573939954395448320,12.296574957802287,85.25332057053376,0.543090157385092,-2.281838079951865,-0.6566355507255834,16.407114,0.96343327
573941534943412736,11.668941261501722,85.24453984412705,0.5438211692694184,-2.3385932220960783,-0.8728077274475372,14.871772,0.8817004999999999
573943252930296192,11.433325921993776,85.31035459008267,0.5131630626531413,-2.1992896300242757,-0.9957182648548706,14.895218,0.8820934000000001
573954935241308544,9.91577067093464,85.36800387398618,0.5697151144661122,-2.117693323867149,-0.9696139467850164,16.368145000000002,0.9908838
573967957582136704,11.785513386380586,85.43557744555356,0.5017525973551801,-2.3234222360846144,-0.8723348570869579,17.478981,1.2314243
573956172191890176,10.269515674270446,85.37298592224754,0.6135508986109022,-2.1482961337335693,-0.5709861029164758,16.081097,0.96012497
573941431864197120,11.781434275329108,85.24714789288664,0.5984132325327813,-2.690351051420921,-0.7210521514030971,17.208107000000002,1.2312889
573938923603323776,13.205386535651163,85.22451015505965,0.5259948086460449,-2.220117454419353,-0.9127494591116716,15.406512,0.87803555
573943145553881600,11.686169074477592,85.2824616819195,0.5344392481179328,-2.1001535905029107,-0.9325914040650324,15.141735999999998,0.9084873
573937686652769152,12.200163343582004,85.15256027833097,0.5900690921198923,-2.6154061587238457,-0.943032378981162,16.937029000000003,1.0866928
573943145553882496,11.649037233455159,85.28850004998336,0.5382429660598645,-2.414883995693793,-0.9280187140687306,17.4202,1.4268913
573942703174482176,10.707046763182623,85.29841020568405,0.5281400771583395,-2.3845711896390664,-1.3032548475653398,16.771535999999998,1.0646361999999998
573942050339489664,10.72215838072722,85.2274671313037,0.5089302459499074,-2.282621894297681,-1.037340713087797,15.120566,0.8749914000000001
573939988755185920,12.405094987791022,85.25635734283878,0.5986792202929301,-2.479120141645041,-0.8434778369785648,16.840214000000003,1.1625233
573939954395447936,12.310891411868493,85.25396900184019,0.5115298194083291,-2.1394633157101155,-0.7571750082846349,17.371248,1.4249783
573939473359228928,13.401243398874007,85.26469612666371,0.5153942249727929,-2.3379185720234226,-0.8924964634157545,14.894552,0.8882332000000001
573954419845261952,10.454209727850412,85.3044500306567,0.5186148657904379,-2.3570775304389127,-1.069291040900062,17.642001999999998,1.2803631000000002
573941191346031488,11.263499640647638,85.2353919019668,0.5003543774064195,-2.1688848569163683,-1.0619838461850113,15.851701,0.8906975
573942737534221440,10.881945975619075,85.29941294972545,0.5279738800258813,-2.4456129247303133,-0.9522493558968116,14.756832000000001,0.9329299999999999
573964762126481408,12.812430118525734,85.41421461619258,0.5625700006705383,-2.299705162798168,-0.533175829214535,15.528742999999999,0.9714775
573942806253691392,10.626260550415992,85.31081855274519,0.5315431409520501,-2.3603175239810716,-0.910822133398664,15.668261,0.87944126
573941191346030976,11.3834555913224,85.23784017363431,0.5234584869335597,-2.2340425605330645,-0.5251890044058005,16.14947,1.0497055
573943733966627584,11.851672364458086,85.33049841877543,0.5137384525840883,-2.347520630521933,-0.9291906585237132,14.754351000000002,0.96001816
573941191346032384,11.278231141506685,85.23464254339345,0.541573777475307,-2.412625840605012,-0.9538636662018276,14.852165,1.0617323
573941397504462720,12.059086731790671,85.24679160887692,0.5039773781394524,-2.4446906200289598,-0.9857217031816802,14.816026999999998,0.900136
573941191346032128,11.390787001833154,85.23659588367698,0.5327585921202417,-2.2411269611346154,-0.9364884127549432,15.742460999999999,0.8758726000000001
573941397504462080,12.029128866471392,85.24694493869373,0.5407088535532709,-2.222852439989333,-0.9463964208267795,16.146362,0.96735
573951945944089088,8.223180113488175,85.28462482001417,0.5550539228812902,-2.2417688947066345,-1.1097976281420563,15.380275,0.8709421
573941431864200576,11.830261815824413,85.24362670022515,0.5157883765292425,-2.467045722266196,-1.0509945379364078,16.611881,1.0130940000000002
573941878540798976,10.992539859140065,85.2308046108277,0.5501521517089979,-2.2185897173237445,-0.9535052645933786,15.946154,0.9170151
573941736804603008,11.367190211314705,85.2847258136931,0.5586864632006848,-2.4286719614767196,-1.0678995708244463,17.578820999999998,1.4907246
573942840613427328,10.744186168937613,85.31856441177425,0.5451741347636233,-2.2393655059207984,-0.8841936582130082,15.682832999999999,0.87133884
573943699606890752,11.867536822163274,85.32805984373205,0.5753567775015073,-2.2819604319613123,-0.9131141400735824,15.436517000000002,0.87760925
573954351125776384,9.774374599826595,85.31094676386748,0.559550525717162,-2.368994456816168,-1.110590651893616,16.069454,0.98002243
573963284657915776,13.767609682193768,85.30859073860903,0.5325721337823239,-2.2678923974531497,-0.8008076248735981,15.896003,0.9322443000000001
573955725515278592,9.374292955438762,85.39279600921219,0.5524248286675416,-2.3059954877247693,-0.950257054474874,14.759385,0.9729146999999999
573963215938439296,13.816140306077301,85.3070679099809,0.5149391135967019,-2.4460887463267555,-0.9246355752977302,17.332731,1.2142104999999999
573967717063977728,12.293350140830604,85.41419467125955,0.6326918599105051,-1.9440013381316923,-1.4520285146112692,16.746942999999998,1.1928082
573967132948447232,12.148524478956466,85.35519999196651,0.5435237004102718,-2.4689192133520037,-0.8413122692092403,15.0713,0.8724966000000001
573937132600979584,12.991664488870828,85.15781819550172,0.5262741315025987,-2.630030132821678,-0.7839617677908243,17.225683,1.2009678
573967751423715328,12.468690960705233,85.41876126525544,0.5155154163728353,-2.3716730485010338,-0.9707885776523943,14.914179999999998,0.90476704
573942565735526272,10.97012836678288,85.309781542592,0.5377261616720271,-2.382487651537065,-0.9143746708922196,14.753619,0.9095525999999999
573962799325589632,13.916129796596875,85.28304903892935,0.5514668305033046,-2.408338391536145,-0.8272937508159391,15.6206045,0.88413334
573931394524638720,12.310854201442769,85.08861566053615,0.5874836926104513,-2.5570985607930488,-0.97690595544351,16.597054,1.2067537
573955691155545600,9.664485796400523,85.38002363106227,0.5374790604166244,-2.4536101400928936,-0.9217690336066384,15.412179,0.85391426
573945039636646528,10.885046419144508,85.41806675273078,0.5228126583623774,-1.9954822571229451,-1.014045440718771,15.211162,0.87744427
573941187048750976,11.329194736625054,85.24124041995711,0.5436185647944798,-1.4947341553842337,-0.9355641717947658,17.395912,1.2941284
574018500757080704,3.2037740920839,85.61580921879344,0.5111328825453639,-2.2051511860570154,-1.265045271975216,15.695526000000001,1.0036526
573935586419594112,10.44782165241586,85.16621230573911,0.5418521676405302,-2.4493613963865903,-1.0627253782113697,17.157354,1.1668205
573954488564728064,10.14502750729278,85.32239495823961,0.6133397001019628,-2.2243816248950843,-1.0567998624025412,16.007877,0.92929554
573939194185323008,13.738058356633525,85.24788885239009,0.5370292512095906,-2.246862499686689,-0.6819985298750253,17.362173000000002,1.1831131000000001
573943699606886656,11.68931901058897,85.33383048277426,0.6212666336991276,-1.8878847872161584,-1.0602779874935084,17.318745,1.2348556999999998
573934177663443456,11.388946595766,85.09683783062637,0.5254803211591657,-2.2657701019430534,-0.9567135705424258,15.105406,0.8536768
573955484997114112,8.933047853942645,85.37118360887129,0.5793543355946394,-2.02895331068946,-1.0266116302029804,17.646685,1.3071766000000002
573968679136631424,11.03633715385594,85.46145724530614,0.5071495432894099,-2.401089584624589,-0.9274635198844078,15.341475,0.87873363
573963044139747712,13.327203369077676,85.29813009391876,0.5390532217177724,-2.159057403616806,-0.7017221066390124,17.449537,1.2233333999999998
573943390369243008,11.507201942195527,85.32699566585114,0.5272840169235243,-2.2481849052722893,-0.928457671641878,15.630243,0.8861027
573943527808196352,11.917997570176162,85.33354921723833,0.5063158092202795,-2.1996371973124647,-0.927246539184456,16.676043,1.0452442
573963044139747072,13.329257785246115,85.30372771797812,0.5254378467676187,-2.225978025426312,-0.9144114472736304,16.144588,0.9460181999999999
573998400310344576,6.829088387504999,85.30379711115465,0.5293805515746426,-2.3170787561516213,-1.2127665383287645,14.922310000000001,1.1766958
573954454204991616,10.328839221542811,85.32022412252303,0.5348197966170959,-2.2156436685378686,-0.8484651085140338,15.966574,1.0337
573939537782712320,13.223447183777509,85.28357323455839,0.5169112162155999,-2.3588051237228878,-0.7580776731356919,15.8445,0.97308636
573962696246372096,13.779181569781654,85.27175939726514,0.5102637239132127,-2.2611771341249285,-0.8095274134856512,16.869385,1.0756073
573942458359099776,11.180643508890931,85.27813537048327,0.6106964658393318,-2.4166533842898525,-0.9354394202999636,17.480567999999998,1.2552071000000002
573969606849564928,11.87759020273865,85.48241201745091,0.5219071273372043,-2.3255512769615723,-1.0089293409494522,14.925639000000002,1.1053276
573964865205878912,13.971514823233356,85.34839541795404,0.5979824545227475,-2.5299515826911096,-1.0552085866225345,17.602232,1.2292538
573939331624275712,13.337484193952573,85.24794449067444,0.5133517529833945,-2.123729903353853,-1.0852017746889489,16.206022,0.9752598
573954209389617664,9.664391503237033,85.2939869376787,0.6412543956078982,-2.6988702755896763,-0.7469105905634557,16.787642,1.1374035
573964006212259072,12.917729969902478,85.3577354158811,0.5108995090653405,-2.40197845243518,-0.8605610062024744,15.078299,0.8761654000000001
573963559535820800,13.342724100736392,85.34084052086422,0.5181099951434358,-2.225278863819256,-0.8914797755447855,15.464139999999999,0.8990431000000001
573941191346030592,11.302021955980475,85.23703696024394,0.5058112879355244,-2.2465914943944294,-0.7988784827310005,15.302873000000002,0.8490324
573980498886623488,10.588400439920743,85.4824917325047,0.6000898269011785,-2.6337742431605404,-0.914225579441148,17.014858,1.1213378999999999
573956962465851904,9.932911479988077,85.43106301250707,0.5099841087436257,-2.4270347445231457,-0.9636961938812856,17.199968,1.1774902
573940053177417216,12.24391830950808,85.26643512095949,0.6391560909911234,-2.3036210610850976,-0.9756692837645384,16.179814999999998,0.94675636
573948746191179136,8.677354870097396,85.25896840261596,0.6562290374359813,-2.5754029876923767,-0.9741059941845406,17.769978,1.3417339
573872849825724032,19.99734529677681,85.6634448962057,0.5037042532082255,-1.493957819670474,-1.194515349226013,17.795013,1.4062518999999998
573934147599785472,11.360588362793715,85.08387876414777,0.6055236097137692,-2.2951158159135825,-0.8293426461446824,16.641815,1.059679
573942531375790976,10.983081693545039,85.3020702034421,0.5055021619359523,-2.4209892335935708,-0.9268843770686388,15.187535,0.8871002
573943493448464384,11.96743476336971,85.31897018525382,0.5390198878885564,-2.246220382517728,-0.9253265630642666,16.266707999999998,-0.30490112
573937617933360256,12.378526174089439,85.16998112883394,0.5464047155013244,-2.3687567924022384,-0.7984151963770774,17.05245,1.1213416999999999
573965754261928064,13.511273224181766,85.43341882180084,0.5201928248510048,-2.316013757422692,-1.3539370352953597,17.850502,1.3699531999999999
573940740373507456,11.624320426060915,85.17862557625924,0.5656598661417293,-2.3457782885646896,-1.0831794097448868,17.166826,1.3558121
573944008844539264,11.327506357773974,85.31028289100516,0.5074213720127804,-2.652703283658929,-0.7129287857156921,16.478203,1.1189098
573937716716525184,11.993357721733856,85.15748739676609,0.5658255676214579,-2.2453565208503465,-1.0239681621177816,16.254305,0.9775562
573954832162104448,10.145115376705363,85.33931999514742,0.5962173392679835,-2.200625529050626,-1.0578040369501411,17.700825,1.3077927
573938236408649856,12.275470492231484,85.20138302706359,0.5145296357833798,-2.35521431200352,-0.9188804963726138,15.902047,0.89806557
573944215002952704,11.124645325510787,85.34855464201907,0.5030185099633852,-2.299247817919478,-0.7999641172631944,15.894167000000001,1.0292301
573944283722429952,10.849439743641012,85.3424088398929,0.5031908618697087,-2.3175385687996664,-0.9669249220523126,15.003678,0.77713776
573967407826342784,11.791636857924685,85.37893252641085,0.5923503082200616,-1.9940133103851063,-0.8154501591237736,17.15266,1.1968098
573944176346073728,11.183783621931083,85.33254511374817,0.5911579928172697,-2.235537117017804,-0.4724747309693,17.85258,1.3881321000000002
573999328023103872,5.4505913387323925,85.34531358454281,0.5412246230240995,-2.349245262339489,-1.3868039249679682,17.331204999999997,1.2258586999999999
573941328784984320,11.724758702696125,85.24364992210644,0.5082635115306529,-2.0711502731011304,-1.1803518806591535,14.243685999999999,0.6677531999999999
573943252930299904,11.559291924819348,85.30313566855371,0.5311667699147258,-2.434164928418592,-0.9619197601197018,17.064072,1.1454886999999998
573967236027651328,12.311409709298436,85.38614624598716,0.52497333173271,-2.314596675181172,-0.932868433037332,15.811032999999998,0.90294266
573941981620128640,10.992592642325258,85.24864245161038,0.5749845072103384,-2.2939335088773642,-0.951705564101501,15.706902,0.9183855
573968095021088128,11.936791930211154,85.44587165660896,0.5192824040407579,-2.413399242217328,-0.8283464822683079,14.763998999999998,0.9757824
573941397504463616,12.077059166492582,85.2463100860506,0.5065358039805302,-2.5564313017832223,-1.144589146996814,14.658320000000002,1.1552
573948303812020992,9.70479062026342,85.26770944747561,0.5369975826950513,-2.8437207109501554,-0.701100079368901,17.084272,1.2949429
573938266472359040,12.118686983369575,85.20273180093395,0.6524263200784476,-2.5090948983154915,-0.7809522556621019,17.80912,1.3442878999999999
573936071745021696,10.31583235851348,85.20897489738087,0.5051644224606474,-2.264659488827345,-1.0474250967483527,15.395793,0.891963
573942565735530880,11.138461982244117,85.30093463319052,0.5353620779597079,-2.0141790600328657,-0.9140288938263648,16.393923,0.9554424000000001
573949334603970816,9.078497112092084,85.30860053072153,0.5315307421134807,-2.2289847381123686,-1.1289560984313212,15.964243,0.921134
573966372737213952,12.918464425545672,85.44028602514095,0.5182488173606008,-2.3928799443857,-0.8652935580717621,17.159498000000003,1.2056866000000002
573941805524028928,11.059949610438473,85.22910157652994,0.5180770107535466,-2.053897878683536,-0.8676721144127677,17.343320000000002,1.3916358999999998
573964693407009664,12.532281740864196,85.39497519006964,0.515803718169492,-2.2843687975627622,-0.9221742455023392,15.446778,0.86838627
573968576057423360,11.089235349146843,85.44167337905418,0.5071549773912579,-2.397783661593317,-0.7967812492601045,13.259659,0.45124912
573989741656196096,11.338050260885884,85.6883979202172,0.5241328353978388,-2.9579902670034848,-0.4689017204447018,14.080829999999999,0.90037346
573956820729902592,10.409178241545632,85.4397117602914,0.5535947888279436,-1.8599754363544256,-0.6928831070163819,17.946285,1.3635101
573954316766035456,9.91124012175452,85.321261896511,0.5246736315321594,-2.2223350424468666,-1.1566569234054087,15.7977915,1.0085783000000001
573947547897640320,9.70884469811834,85.19086551528426,0.5533225310865085,-2.26594199370881,-1.1051582410244032,16.464743,1.0388927
573944215002950144,11.151318256382854,85.35276535256398,0.5036167905934997,-2.3561608074527496,-0.9012080901335522,14.737429,0.86561775
573935792571174784,10.845826360340713,85.17245771293135,0.5569875256633987,-2.5638294617765705,-1.024960014061649,16.429379,0.9842453000000001
573943523511048448,12.008927942124545,85.32351200508104,0.5471369910241701,-2.445400157207781,-1.0229003561499492,16.31188,0.99401855
573939438999379968,13.325071718408962,85.25978824748059,0.5510366640027081,-2.208686788513074,-0.8915934630705278,16.137789,0.9532337
573938270766739712,12.079894875982792,85.19693035014525,0.5171610694519029,-2.2684268726873613,-0.9063989769995506,17.418346,1.2161961000000001
573967304747123968,12.224562087254805,85.39689698953559,0.5695978728609622,-2.646879571637255,-1.0511414888945072,16.784670000000002,1.1079388000000001
573942217840919040,10.801750067967289,85.26744720146431,0.5364461782972039,-2.4145968271103677,-1.0321777164008847,16.773975,1.1064987
573947582257373696,9.744267473264806,85.20128460064309,0.5069493226386305,-2.158964303874394,-1.2563219285268992,15.972684,0.9304247
573966926790169472,13.124575117198885,85.48253425854982,0.5228667284604714,-2.215911402161789,-0.9155276687071552,17.512634,1.2448768999999997
573941496286334976,11.559413792821982,85.23316213648687,0.5129250993798714,-2.3730163709042267,-0.9476496199372372,15.748738000000001,0.89327717
574016198654623744,3.2993564254942425,85.52248626707,0.5340827291205176,-2.119811770042401,-1.2792974930833274,15.605972,1.0149822
573956206551630720,10.49319848832824,85.37075456176494,0.6070751235054284,-2.7485699139889435,-0.5616001098272578,17.50303,1.300499
573934761779018368,11.826151161703608,85.14331845413301,0.5979167184308211,-2.3552961273593507,-0.9409745434902559,15.410889000000001,0.8852167
573944627319805696,11.3157167952001,85.3691672985447,0.5548358780890965,-2.295676581328414,-0.9640809317121016,16.141634,0.93589497
573968816575588224,11.50881590896487,85.45867262422428,0.6526330482799687,-2.122009760521847,-0.7525690189267944,17.524338,1.2514343
573942428296588672,11.058578820998607,85.27611195184426,0.5004639520951556,-1.935483173966223,-1.0573836273495287,17.32228,1.3982296
573953968871447680,10.117298884040093,85.28555359520432,0.5982168516680351,-2.3029287728106844,-1.0946058811078667,16.123991,1.0351429
573963383441146240,14.016171270991599,85.33202273725402,0.5652060775189033,-2.3914339871576247,-0.7958657183244829,17.889412,1.3408183999999999
573976135199839360,12.440527718852724,85.55184344325586,0.506463908129288,-2.388929935209233,-0.8556110095317446,15.888110000000001,0.9126605999999999
574014755545589888,4.284624680075306,85.71085517131421,0.5387096247093082,-2.3005909213297784,-1.334196444881968,14.232326,1.2967253
573933456108920576,10.19142616449298,85.08098924834098,0.6221961616263458,-2.6201540767503184,-1.2525166897015798,18.05225,1.4637928
573942462656325248,11.298635267745267,85.28249817232303,0.5340976362218943,-2.2468664924924564,-0.9137242047873207,16.084372000000002,0.93231106
573980327088132608,10.466113236575376,85.4519977141441,0.5065999343416321,-2.2049893919982337,-1.0069502078171957,12.000468,1.3529301
573938094673669760,12.658351336984534,85.20079432531982,0.5899483892770611,-2.4676453580974864,-0.6353107466406629,17.962107,1.634737
573943081131614848,11.831726514048862,85.29332300820717,0.520246503511259,-2.2053735888778165,-1.050772457867484,14.799671,0.9115572
573973111543073024,13.631227629757795,85.53589460167495,0.5066187034878782,-1.7852728119488606,-0.4450668150932382,14.779754999999998,0.7320452
573941019547355136,11.1956016395655,85.21010799436394,0.5674983713947241,-2.345428519745214,-0.8517372813677679,16.360699,1.0189848
573941053907094144,11.344006518639512,85.21063520632305,0.5017601051510537,-2.2960457983420017,-0.9609487254292254,13.778666000000001,1.1800127
573938408207240960,12.154324886693368,85.22167419414434,0.5116271832759219,-2.245549875069451,-1.000751113414538,14.840932,1.105999
573940980891578752,11.468723866306796,85.20674561849589,0.5205162115109236,-2.2566539574363182,-0.8743641443187686,15.62599,0.89633846
573952152102507904,8.088426701567991,85.31080274362462,0.5121571640463207,-2.2810792416274235,-1.087041397522095,14.387801000000001,1.3833388999999998
574013243717228928,5.5623942230787815,85.61851665421348,0.5053456077981356,-2.2744260084919046,-1.2475320010766515,14.864654999999999,1.0583181000000002
573943940125035904,11.618599040437946,85.37960597131293,0.6366620153620484,-2.6010643301671545,-0.8925570301779017,17.046478,1.1099796
573977337790659456,11.343113923811364,85.62811776858851,0.5190916892315883,-2.1948591524512264,-0.7089369903185085,17.10172,1.1578026000000001
573955244478962432,9.118703356868766,85.32807292275935,0.5630611979045332,-2.2865083685433416,-1.0623263828284846,15.304762,0.8578501000000001
573965140083783040,13.576212475316293,85.37740206833931,0.5676373649705316,-1.9483004289888908,-1.0224272869803075,17.483214999999998,1.2507229
573956069112683392,10.398266921093366,85.35135065552461,0.6051456055695692,-2.285863576755797,-0.7638610204280929,15.629929,0.8560848
573964521608323200,13.00674666688999,85.38874962900168,0.5329945113604996,-2.3768198362476696,-0.9640052538807916,14.885991,1.1532202
573941908603194880,11.218514363108607,85.23491660443037,0.5057589316487504,-2.2349776562972776,-0.9455849115164252,11.932030000000001,1.4601183
573943149851097472,11.724712018101721,85.27892926233841,0.5716055798697148,-1.8972961002487936,-0.7443798163934301,17.371653,1.2038841
573970740720914304,11.18562417502928,85.53792170193195,0.5286953351096606,-2.383437323994832,-0.9268062909106516,13.815447,1.3743353
573941294425260928,11.831589939051518,85.22211868754984,0.5469625077710452,-2.2160760978480702,-0.8190589621012379,14.974738,0.858901
573981014282688384,10.717855819646989,85.52300325830035,0.5278051229656542,-2.3365811906805867,-1.0109806075037775,16.749166,1.0529366000000002
573931433180397184,12.23164181394264,85.10670836471282,0.5693184729215849,-2.334747183732617,-0.9520025767180462,16.646910000000002,1.0288372
573937888515127424,11.996678069808267,85.19231971854734,0.5036397707472877,-2.5908064754980007,-0.8227899671506868,11.761917,1.4704846999999999
573943046771880704,12.195923080015062,85.29078201701275,0.5330431070287995,-2.1672779558072963,-1.0298819720783778,15.040992000000001,0.9441985999999999
573964487248753024,13.259485542852945,85.38716568968843,0.5120442428793223,-2.2844406600493694,-0.7352820960546391,16.576406,1.0691032
573934662995795584,11.775254229509974,85.1322199588021,0.5177981411637101,-2.305402956732915,-0.8793301884092183,15.879674,1.0107908
573965277522734080,13.716416327347744,85.40351692145354,0.5127662629644392,-2.171685841967488,-0.7938922207920059,16.644539,1.0157299000000002
573956855089661952,10.44205174774728,85.4497120591654,0.5097026716804964,-1.9432686355185051,-1.214769829706991,16.882973,1.0981406999999999
573937205616431488,12.915995047716056,85.16568973739618,0.5169997148223028,-2.090826314061569,-1.1986525030488024,15.792395999999998,1.1374578000000002
573949746920871040,8.003174283720062,85.19621615230112,0.5199951481289625,-2.344456023326543,-1.107683466706726,12.255203999999999,1.4240828
573964555968228608,13.148021641242506,85.39046034488037,0.5270674944624519,-2.329424586528721,-0.9474730780806252,15.177128,0.8525896000000001
573934250678939648,11.570258015253792,85.11217023093285,0.5344884332718468,-2.288666229714105,-1.0014247280735873,15.237832000000001,0.86938477
573935277175086976,10.781352317432315,85.14391468161666,0.5285853756500931,-2.288884058665728,-0.9989958482500216,17.488321,1.2518425
573938373845908864,12.357651618884642,85.22926734673361,0.5685155835984554,-2.0798701918320432,-1.0574711605118778,17.005175,1.1421471
573940847748678016,11.971216681103748,85.1971733037404,0.5334804349504618,-2.2822471623891594,-0.7963395706751032,16.5138,0.98372555
573936827659319808,13.321581591640415,85.12632889319981,0.5948128150747767,-2.3232592954229205,-0.4660881438317726,17.604635000000002,1.2898636
573939365983871488,13.065496145936132,85.24572147793269,0.5704825066129785,-2.3393144959088548,-0.3879062225487411,15.139256,0.89888954
573980739404786432,10.211508145483274,85.49343663462291,0.5553402996384155,-2.334432150597882,-0.9058283777211104,15.265512,0.888072
573945211435475072,9.958757465974118,85.09768960327294,0.6410429930608404,-2.5755191456498925,-1.221841678001511,17.178917000000002,1.1714096
573955961736382208,9.289934635091788,85.40099189325704,0.5038027744033149,-1.9284622474799489,-1.2456704665457088,17.733603,1.3233318
573980636325570560,10.084220040560792,85.49377197250158,0.5352712097914926,-2.2966852133818505,-0.9045687522337222,16.119892,0.9541931
573942359577117696,11.21728009368644,85.26512822893807,0.5249478894800594,-2.224126656776884,-1.143877690338876,15.611114,0.97109985
573943042474552832,12.186350814048495,85.2951864964433,0.5336959734315622,-2.3762054699599906,-1.0653123661617063,15.378627,0.8674593
573943012412146176,12.068739928493585,85.2794868238478,0.5097410122440165,-2.280690189799849,-1.028226831312916,15.128978,0.92847824
573931776777775360,12.213408484657645,85.12737758567755,0.5870259479778464,-2.2608845315428456,-0.7766856975354935,17.090104999999998,1.1453056000000001
573956825027090944,10.547552210967696,85.42274414764792,0.6500209000040579,-2.276445781159642,-0.8511445875273514,16.718441000000002,1.0536957
573931708058299008,11.931716633168893,85.1225053462532,0.5104218432830512,-2.4249275545129447,-0.9198548693299656,14.280282999999999,1.2381916000000002
573936067447703168,10.308553807223513,85.20582418278477,0.6051438508195316,-2.6274831087014547,-1.2535626096749577,18.042616,1.4352036
573946448386028544,8.74678103635583,85.14593605392069,0.5332648218894832,-2.209293295192805,-1.1081730272350452,15.267674,0.85722065
573943248634519808,11.552780097517074,85.30269981122021,0.6175793367843014,-2.4104812392075075,-0.8624540218689386,17.364735,1.3743553
573936758939840384,12.810057796604244,85.13247079522237,0.5342054035892743,-2.2398673287205253,-0.9371941431584816,16.551605,1.0156717
573935826929531136,10.77235309219185,85.1934312815302,0.6038324323503426,-2.4533280684804692,-0.9941468065555344,16.329538,0.98914814
573970637641705856,11.249969677056642,85.51240000118818,0.5761426542464009,-1.8897644808722465,-0.6380782533827778,17.182976,1.2911968
573940023114914944,12.419086795127205,85.27168868795617,0.5059767611879663,-2.3066777240534866,-0.8498217484030465,15.406274,0.84668255
573939262904655744,13.547977670423204,85.25643272079479,0.5193321808448372,-2.3291598100037367,-0.8717515185880896,12.119555,1.3438139
573943386072092544,11.561547250529252,85.32800897930645,0.5650287886708654,-2.358257852573304,-1.0095095793659323,17.275312,1.2215424
573983282025400320,10.654116858815703,85.60285134935967,0.5036592886836535,-2.2515091926306576,-0.8637079592757523,15.000932,0.9599571
573933048088105216,10.513579772902792,85.04518823424726,0.647111419458998,-2.395707089822641,-0.8329802756739856,17.836716,1.3559837
573937686652765824,12.129726475769074,85.16109929301203,0.5435606292786291,-2.4739663372330685,-0.6003360602235972,15.68588,0.90571404
573931330101188224,12.495237707394988,85.07205149898927,0.5009746633909483,-2.3143611015675307,-0.892934260235174,14.788931,0.9381685
573937274335905152,13.156881414148668,85.17629131109568,0.5030959821550585,-2.254910567415367,-0.7165979673403151,14.612676,0.9011822
573935865585034368,11.0515604746642,85.19339122064066,0.5222635240598038,-2.3966372590337035,-1.1797852915293576,16.239462,0.99455357
573938403911408256,12.076757902160294,85.2247086407417,0.5290677810371843,-2.1147560423931617,-0.9821648208956988,14.959401000000002,0.85401344
573940229273346048,12.790749121609599,85.27570712448295,0.5173464422232208,-2.2811715873424885,-0.9253195508761316,15.200149,0.87206554
573967059931864448,12.188087748659516,85.35231654779727,0.5332483314844775,-2.344593300448386,-0.9247549224902422,17.927706,1.4320126
573937789731979264,12.238447188669648,85.1679630432448,0.5494639388528292,-2.52173752643767,-0.8897037955875413,15.381098999999999,0.8624171999999999
573937583573552256,12.420334764864169,85.16207411986002,0.5612114551565652,-2.1105561790750462,-1.064575997261958,16.803959,1.0709591
573990016534093952,10.84274320101988,85.71427144369797,0.5909897112669161,-2.3285529297100345,-1.1814825910006526,16.144041,0.96447086
573938923603329792,13.324000371813593,85.21610511867264,0.5585955920490601,-2.4110961653825305,-0.9688115609469892,15.790668,0.9106407
573934903513956992,11.256769701074171,85.15046916244741,0.5144772191507042,-2.259084800920082,-0.9116023207165916,15.137473000000002,0.8813238000000001
573937205616429568,12.770791996521382,85.1683105697682,0.5325364651717513,-2.377497036731957,-1.0517351207809402,17.571348,1.300066
573933975801021568,10.436594866371161,85.13340739471269,0.5466021855576211,-2.291180982668385,-1.1997174962487598,17.192225,1.1687431000000001
573935934306072576,10.75409210272318,85.20876819430062,0.5150202687381137,-2.0252567201193985,-0.940857451485448,16.88968,1.0762005
573935350190553216,11.006935929327351,85.15182009755057,0.5129387019497513,-2.423606368700057,-0.9714484206920759,15.523842000000002,0.9737358
573937755372238208,12.045716324573108,85.17019738771573,0.5007537666092616,-2.380822598852984,-1.0528578394653298,16.434046,0.9837284
573943317352605568,11.70375768792696,85.31636094251006,0.5265607736828884,-1.856887184176546,-1.0885918556611736,17.473124,1.238039
573935075312637696,11.355550390727078,85.17723985985094,0.5142515332388922,-2.80785529069819,-1.357742670065133,14.699844,1.2059975
573935552051614848,10.263187341177844,85.17442998281469,0.5806374870043177,-2.2707947610247596,-1.3413834360057977,16.784273000000002,1.0809937
573967815845900672,12.27346121034854,85.4355030236875,0.5077217143559266,-2.440699298943037,-0.8944589497012689,12.3835745,1.4285402
573943901468200064,11.619407738568444,85.35669635690168,0.6112207891151146,-2.3832558302748628,-1.0380627539033749,17.87015,1.3531952
573937995890405376,12.396950798824193,85.17959900125898,0.5140450798972666,-1.905972976717936,-0.5824490584392444,14.538689999999999,1.2007542
573928370867618816,12.32992044048969,84.98247636876273,0.5406222846922275,-2.487805984022815,-0.7550384777706699,17.337706,1.2048397
573945520673105408,9.634285299367269,85.13575910032785,0.5468814017417999,-2.2326688766636784,-1.0987327785321817,15.170754,0.8633518
573947273019755008,10.151520036121855,85.1620390592258,0.5242261239637147,-2.1160942580587614,-0.8742311538655492,16.282457,1.0556736
573938751804651520,13.181835303027325,85.18534084974956,0.5127059513362531,-2.256747219354359,-0.925733390348708,14.783676000000002,0.93421555
573928375163700864,12.43144262901259,84.96967637214266,0.572750841486621,-2.4229339490416653,-0.958284386051966,16.26235,0.97891045
573928856200037504,11.673659536177164,84.9685643629806,0.5406623967145228,-2.3313022610185192,-0.9039963243469784,16.06416,0.95248795
573940710309733120,11.800367564588676,85.17766976189694,0.5563405199477529,-2.367040278060528,-0.8633338020317657,16.194682999999998,0.95953274
573928409523437696,12.43800906548842,84.98719358167241,0.5006240360084815,-2.3783746949054447,-0.8750759999805928,16.148611,0.98951054
573982010715088256,9.743078376696838,85.55991165218387,0.5528134070068941,-2.3694002631982456,-0.9439683772019162,15.492988,0.89880085
573940710309733760,11.819087946316914,85.17416056725155,0.5147947688967586,-2.3808737114192065,-1.403466027859043,15.561891000000001,0.9145889000000001
574025338345007744,2.7602280884798067,85.67002926518244,0.6412415441188312,-2.0365980053172548,-1.0068467877343386,14.884341000000001,0.9225931
573938094673670784,12.655818410311053,85.20395692060087,0.5762431683961416,-2.1010709987056653,-0.8413370877176529,16.86274,1.0873814
573938064609881600,12.79918817637601,85.1860314489555,0.5133579913610536,-2.1422665691202414,-0.9194514402166404,15.257692,0.8888912
573929749553233664,12.87347569421345,84.99722487805975,0.500360486826194,-2.3981004708958973,-0.9716369702636424,15.150256,0.93349934
573963658317794432,13.667754003556508,85.35367407140888,0.661925092041701,-2.4665257060715224,-0.5932300687790253,17.666582000000002,1.330925
573935006593163776,11.203696040267797,85.1681018273652,0.5600976855155558,-2.4859592229951244,-1.0220231907902988,17.245575,1.1720886000000001
573937343055375232,12.968241168752586,85.1886706566597,0.5331436610982474,-2.4283833866565305,-0.9001407609527743,14.202538500000001,1.2191219
573934937873689984,11.323660684197938,85.16333176915543,0.5430935925649374,-2.3533123895949317,-0.984323908705298,14.914469,0.89840317
573937961530665088,12.60415601468151,85.18392242299345,0.5441823685881321,-2.2924280015454226,-0.8732595351582062,15.633128,0.8358612
573937858451450240,12.109991844824872,85.17648211242023,0.5136167862023714,-2.4088105609090085,-0.9588688216128672,16.137651,0.93303204
573928821840298624,12.074517536347182,84.97690824414256,0.5372857351879615,-2.5874438098655093,-0.8931551643807174,17.793754999999997,1.3373852
573963452159362048,13.768323511992085,85.34989927815718,0.504059925555187,-2.4163954763791344,-0.9312565627328616,16.791697,1.2521858000000001
573965002644830464,14.039122387704776,85.37652180516605,0.5531598572814955,-2.283985431992357,-0.7025160110321449,16.96811,1.0855083
573938064609875456,12.657281257462465,85.1973878859244,0.6384403209625492,-2.4972514382386826,-0.7821532841706996,14.682170000000001,0.92264843
573928787480561024,12.04990260337241,84.97205193284813,0.5496006301649028,-2.327924781202281,-0.8311159295556205,14.955904,0.9244118
573940744669467392,11.558787986704235,85.18224634725647,0.5364393697775425,-2.3603498479638936,-1.0883551178606423,15.321357999999998,0.92957306
573976032119353472,12.937749242860308,85.55848140997409,0.5334969073553493,-1.8860104363473216,-0.7724920382481991,15.282662,0.93316746
573947273019756032,10.139315072714991,85.16046189472445,0.6325039604395232,-2.215649122104558,-1.2240086540428452,17.878572,1.3904991000000002
573929405955846528,11.772834279458385,85.01242847990267,0.5057400776282445,-2.224166445318616,-1.06750308262073,15.221726,0.8719444
573934937873691520,11.360111851060472,85.16014201572658,0.5025202004930244,-2.1403312067761897,-0.8580449257898255,17.245552,1.2014675
573937755372240640,12.11351996395141,85.16737102398594,0.5579141226751546,-2.2957384411697106,-1.1032754266391371,17.502434,1.2686977
573938820524121344,13.028793205828714,85.19879095566046,0.5319058132786157,-2.323496179817907,-0.8105183081355987,15.198344,0.8679886
573940813388946176,11.884099506383471,85.18403394805622,0.5052450478124902,-2.3199704286874216,-0.9760995487360882,13.815822,1.2502403
573935590708711808,10.606271673638876,85.16709411487328,0.6339953627355724,-2.3465712608144376,-0.8458373065043171,16.577496,1.0319538000000001
573955205822084992,9.308339231427725,85.35247153545356,0.5181978285833182,-2.23782357851656,-1.0429736257421758,15.825123999999999,0.96602154
573938820524121856,13.013298158325634,85.19647641764475,0.5731740547164645,-2.290929678494632,-0.9340591788529145,15.534654999999999,0.8875941999999999
573935487629497216,10.460282232469813,85.16353602439872,0.510781109156771,-2.356664562793092,-0.9385440145009534,14.830027,1.0194511
573941461927405056,11.799322517080189,85.26505269810926,0.527509147180572,-2.845295613604748,-1.2920379180877208,17.707110999999998,1.2478981000000002
573935109672375296,11.181281763346146,85.17579723801418,0.5726218290511105,-2.2258147701437885,-0.6072438670841283,17.533564000000002,1.2507153
573942909332943360,12.128439894759891,85.26076889159741,0.544762179500299,-2.062848508773472,-0.9278057621660916,14.778445999999999,0.90356255
573941466223933184,11.87682414804967,85.25419764712406,0.5296108806770322,-2.2178769830369696,-0.9718107929147901,15.839457000000001,1.0569773
573929612114273920,11.780037007692595,85.038256333407,0.525804556857978,-2.377792562762913,-0.9872961859847186,14.782804,0.9793453000000001
573941534943410048,11.569199204883056,85.24868716321423,0.5045437315790458,-2.135607759168917,-1.2334326233542774,16.762041,1.2301598
573941466223933056,11.824493926849515,85.25346891947784,0.5528856657574724,-2.2568834807749827,-0.9606940968381924,14.954345000000002,0.8607311
573938820524115200,12.923470288861315,85.20938869510074,0.5511176791350865,-2.5447586611526,-0.8174831213329479,16.045261,0.9525347
573938236408563456,12.330046829714453,85.20002077591694,0.5867106678542535,-2.2967545207490705,-0.9382138108309444,15.884727499999999,0.9121560999999999
573940160553876736,12.90987655006218,85.2653328414319,0.5300915099666751,-2.278361694530637,-0.9844351626367168,16.012173,0.9177389000000001
573949643841659392,8.511959803666803,85.20112854148293,0.5379153433479723,-2.2200485545082302,-1.0563374804995591,15.976422,0.92513657
573938236408562304,12.345629500230592,85.20226234301734,0.5933128572328488,-2.0865892878049297,-0.8524038301173246,15.794935999999998,0.8936043
573941466223933440,11.907856170863875,85.2538398237686,0.5137419558078117,-2.2044134115836145,-1.027426077187804,14.751575,0.9767237
573948097653432576,9.8824589353001,85.22816413551324,0.5162694894360729,-2.514646620415736,-0.7365175120714003,15.577326000000001,0.8448143
573936174824224128,10.584476030970158,85.23402025464645,0.5826009073498449,-2.22444853145442,-0.7526730409457976,15.727356,0.89262486
573941019547357184,11.230438089582918,85.20580331359767,0.5205545749513807,-2.373206421608631,-0.9925479754872688,15.442618,0.88050175
573931123942758528,11.790022228153358,85.05754741039567,0.6387153141368,-2.189260037158716,-1.1065667324239437,17.476779999999998,1.2325287
573940950827895040,11.449003851657471,85.18497278936978,0.5182694956625834,-2.3069510707336365,-0.8957928736673556,15.293607000000002,0.869771
573935792569787904,10.686494928547079,85.18337684049058,0.5009769568416601,-2.144372003337204,-1.0252681345792238,16.629753,1.0422211
573937892811180672,12.069335956403606,85.19430155893009,0.5395701747562069,-2.3837002526474067,-1.2134495147605198,15.745643,0.90293884
573945211435473664,9.902882183081717,85.10127018096189,0.5174338342448158,-2.4177253577173157,-1.0992463276674906,14.775595000000001,0.89824677
573938030250133504,12.436040368156743,85.20087379364891,0.5425438893611562,-2.476312851875451,-0.8647107545649029,15.509251999999998,0.8737173
573933013728367104,10.665107013401917,85.0470284002514,0.5547065464560399,-2.226159157770609,-1.0937393223358152,17.088097,1.1574726
573941466223928832,11.818387489145696,85.25983807457021,0.5390351638324937,-2.187194845999428,-0.9155790676676908,15.944451999999998,1.0525303
573940813388942464,11.932109306301156,85.19120075102877,0.5483372143522423,-2.2965602405898804,-1.0187169803789158,15.715276999999999,0.9945755
573929646474007680,11.705564103681054,85.061664460876,0.5872993140673841,-2.3641570575929185,-0.9628790252816428,16.337317000000002,0.9796715
573940190617804160,12.716348039065902,85.27076012866006,0.5821196083305449,-2.1959718699004465,-0.8022048519366338,17.739573999999998,1.2781105
573940847748673792,11.939606115345898,85.20415594494033,0.5210906233868859,-1.9968237589266316,-0.771509746117408,16.10677,0.95729923
573937171256694784,12.838530212698258,85.15639516115499,0.501484371716599,-2.1929086897083785,-0.7676291854674918,16.613052,1.0355186
573940194913611264,12.641611519592805,85.2695168452252,0.5356922554668622,-2.288014931971686,-1.2250178601680624,16.253120000000003,1.0522738
573939576438354048,12.73415981794028,85.21609758466401,0.5426933118767557,-2.268147106944012,-0.9776633192320404,15.973495000000002,0.91761494
573942874973203072,11.935752157444055,85.2603142019483,0.5094454986879063,-2.410566314479707,-0.8564950149681047,16.713337,1.040163
573938236408558464,12.246096922025243,85.20822275157944,0.509541455769702,-2.132637190517169,-0.988035283215942,13.355917999999999,1.2940464
573990841167804288,10.44650319774362,85.7471902865369,0.5219106458630884,-2.4398975059010066,-0.8098804758735645,15.957161,0.9589653
573932670130981632,11.437243359995895,85.07172830457708,0.5435293505330788,-2.1616618742718847,-0.9571512303790544,14.544093,1.2179079
573931192662232064,12.016874668965814,85.07937924447461,0.5129022417181734,-2.5726518779020227,-0.8393252506962429,17.015964999999998,1.1053677
573936827659322368,13.41215926480616,85.11766593108773,0.5498495059357303,-2.3517652692879256,-0.8741604404628132,15.645129999999998,0.89726734
573939576438357632,12.8664340875687,85.2123862466827,0.5317002258268984,-2.420945184848261,-0.8760880880004779,15.825947,0.9258814000000001
573940882108414208,11.737291610481062,85.19719703787881,0.5950288208511971,-2.20169288122604,-0.8938151069633627,15.956826000000001,0.9227666999999999
573947960214474112,10.198853661604376,85.24226250628327,0.5155231548819479,-2.202990501804046,-1.0235502707840716,15.333066,0.8734274
573947994574212224,10.239628811331158,85.24370461276122,0.5117339678846236,-2.8178564998431566,-1.0287201817717548,15.563165,0.9158888000000001
573935865586611456,10.970594553239014,85.18751460081735,0.5505566167892896,-2.635837960084343,-0.6474063646433772,16.800226000000002,1.1818733000000001
573946723263931136,9.294774143340488,85.16337699877256,0.5271355397024978,-2.506625515481068,-1.3313747894001324,17.747776,1.309639
573939576438356608,12.730434336282409,85.2117465190353,0.5416689025169301,-2.474813832432333,-0.9262204447452652,16.553573999999998,1.0329742
573942325217383424,11.191136797928788,85.25672919495068,0.5183688806496849,-2.2256564431388126,-1.0626447306176758,14.933207500000002,0.89872646
573941672382356224,11.709450666522088,85.2614661022777,0.519310759131533,-2.4430922603730547,-0.9234721565157537,15.660907,0.8702879000000001
573932807569934080,10.941442622900636,85.07351538729675,0.5161624948831046,-2.22775475531267,-1.1478989060112983,16.433603,1.0059738
573933322966009344,10.191432147571216,85.06143241258353,0.5198697644367314,-1.505433023016499,-1.0987809375164397,17.690910000000002,1.3398857
573940882108407936,11.657325048781136,85.20792218004864,0.5247066828014513,-2.398475434653521,-0.9845248202096318,14.334408999999999,0.87497807
573933322966008960,10.064620952034328,85.06345782581403,0.5026863882295485,-2.611960813624706,-0.7252803648647567,15.718569,0.84093094
573939645157826560,12.558147449333653,85.22178288211654,0.5760856861078821,-2.939051517222535,-0.8536286835154634,17.100939,1.1813793
573941225705793408,11.930343589480135,85.20766004292362,0.5038041466621731,-2.393725022448081,-1.0051815164904307,14.793942000000001,0.92868423
573941466223925376,11.811415464132793,85.26398604571996,0.5185663158861414,-2.305344946538449,-0.921657674710438,14.822645999999999,0.89441586
573938167689077632,12.47223110551251,85.21768951777554,0.5192051052496228,-2.2509036092310133,-0.8812013502190743,15.493878,0.86967754
573967403529044352,11.663631231084905,85.39271555884942,0.5309482383377702,-2.592053241142392,-0.7000186486842572,11.133034,1.5050468000000001
573947788415778944,9.596007554248114,85.23867790033529,0.5105766628174412,-2.443734975349195,-1.0066882745690344,15.76835,0.91005516
573880477687511808,15.360221121254606,85.59201409263167,0.5071300531534941,-2.399653463062773,-0.8262777571916717,14.555053,1.2465667999999999
573938305128033920,12.227331532006788,85.210200682126,0.5113801647589996,-1.5712121627276627,-0.9666368850293512,14.600646,0.7057514
573938167689080576,12.504767790118079,85.2142349493415,0.5481786562030858,-2.2374496890201727,-0.8218052063007993,17.087673000000002,1.1366596000000002
573940401072036736,12.560122525462992,85.27415226662094,0.5845662326105301,-2.1552512498345644,-0.7614490323069522,17.287551999999998,1.2002506000000002
573943282992853888,11.675299109677711,85.30390176989576,0.6420294547035527,-2.1814964061316737,-0.5266876281434213,16.839705,1.0935688000000001
573942187778425728,10.747234545760795,85.25730700711684,0.5497885699472377,-2.0464357590560747,-1.2997162709066234,17.311749,1.2372017
573944382504525056,10.966316969718427,85.35524667368414,0.5674349397977019,-2.1619545297555534,-0.9999680381508012,17.105131,1.1228103999999999
573935865586607360,10.910996644372466,85.1917858470542,0.5290582366189784,-2.2952801363605526,-0.9066811334030148,15.601929,0.8819170000000001
573931570619344896,12.241066991129475,85.1279033409727,0.5310502051051147,-1.8316052418579405,-0.7378062110926366,16.660065,1.0954018
573934972231880960,11.051417335275474,85.15870910230376,0.5219200165126266,-2.3889853830331846,-0.965184823230532,10.789782,1.7605066000000003
573940297992814592,13.007912089326698,85.29418688344788,0.5145335115648082,-2.280865376408152,-0.9191976724695404,15.901922,0.9092264000000001
573941672382351232,11.620440530407214,85.27036312003922,0.5212059197530606,-2.2416993347986067,-0.9787037323170538,15.190477,0.9136095
573940847748672640,11.849930182884188,85.20462167909571,0.5386607518488323,-2.4120850149179374,-0.9646168889994928,15.078883,0.9029007
573941225705794560,11.978001732457068,85.20669802049552,0.5777248841314195,-2.327334706160504,-0.8507371056987239,16.215406,0.95218277
573954591643941888,10.529504772131668,85.33339974020224,0.5384524532103344,-2.1709123843573166,-0.8257350811806768,17.579007999999998,1.2821007
573940916468142848,11.703530383260777,85.2122706471024,0.5504495745731549,-2.4493894762506936,-0.9589439920354828,15.068307999999998,0.8709611999999999
573954415547951488,10.412111607572132,85.29795763168465,0.5466282551333644,-2.2570635868685116,-1.0084314287354792,14.980285,0.8611946
573939610798085504,12.764965091932991,85.22777676557664,0.5646575213261505,-2.3286741988046993,-0.6966724668100337,16.506874,1.0028877
573936793299576576,12.822754375713133,85.13778069590255,0.5086852409337523,-2.251088654742841,-0.8761135752309446,14.695971499999999,1.2279072
573941053907095936,11.341000537734061,85.2074062774966,0.5052403752204916,-2.1503477749698234,-1.2346182336305191,15.834629999999999,0.90583134
573942943692671360,11.88893808854155,85.2734006601183,0.5778548600215104,-2.428749426353709,-0.7055422870761491,16.497954999999997,1.1574096999999999
574068627319613696,14.570250084076884,85.67179926568059,0.5946125141661998,-2.31317763796268,-0.7045274086776921,12.245727,1.4407386999999998
